time,lat_center,lon_center,bearing_motion,max_wind_speed_circle,max_wind_lat_circle,max_wind_lon_circle,max_wind_dist_circle,exceeded_15_6_circle,exceeded_20_0_circle,exceeded_25_0_circle,exceeded_q90_circle,exceeded_q95_circle,exceeded_q99_circle,fixed_q1_max_wind_speed,fixed_q1_max_wind_lat,fixed_q1_max_wind_lon,fixed_q1_max_wind_dist_km,fixed_q1_exceeded_15_6,fixed_q1_exceeded_20_0,fixed_q1_exceeded_25_0,fixed_q1_exceeded_q90,fixed_q1_exceeded_q95,fixed_q1_exceeded_q99,fixed_q2_max_wind_speed,fixed_q2_max_wind_lat,fixed_q2_max_wind_lon,fixed_q2_max_wind_dist_km,fixed_q2_exceeded_15_6,fixed_q2_exceeded_20_0,fixed_q2_exceeded_25_0,fixed_q2_exceeded_q90,fixed_q2_exceeded_q95,fixed_q2_exceeded_q99,fixed_q3_max_wind_speed,fixed_q3_max_wind_lat,fixed_q3_max_wind_lon,fixed_q3_max_wind_dist_km,fixed_q3_exceeded_15_6,fixed_q3_exceeded_20_0,fixed_q3_exceeded_25_0,fixed_q3_exceeded_q90,fixed_q3_exceeded_q95,fixed_q3_exceeded_q99,fixed_q4_max_wind_speed,fixed_q4_max_wind_lat,fixed_q4_max_wind_lon,fixed_q4_max_wind_dist_km,fixed_q4_exceeded_15_6,fixed_q4_exceeded_20_0,fixed_q4_exceeded_25_0,fixed_q4_exceeded_q90,fixed_q4_exceeded_q95,fixed_q4_exceeded_q99,rotated_q1_max_wind_speed,rotated_q1_max_wind_lat,rotated_q1_max_wind_lon,rotated_q1_max_wind_dist_km,rotated_q1_exceeded_15_6,rotated_q1_exceeded_20_0,rotated_q1_exceeded_25_0,rotated_q1_exceeded_q90,rotated_q1_exceeded_q95,rotated_q1_exceeded_q99,rotated_q2_max_wind_speed,rotated_q2_max_wind_lat,rotated_q2_max_wind_lon,rotated_q2_max_wind_dist_km,rotated_q2_exceeded_15_6,rotated_q2_exceeded_20_0,rotated_q2_exceeded_25_0,rotated_q2_exceeded_q90,rotated_q2_exceeded_q95,rotated_q2_exceeded_q99,rotated_q3_max_wind_speed,rotated_q3_max_wind_lat,rotated_q3_max_wind_lon,rotated_q3_max_wind_dist_km,rotated_q3_exceeded_15_6,rotated_q3_exceeded_20_0,rotated_q3_exceeded_25_0,rotated_q3_exceeded_q90,rotated_q3_exceeded_q95,rotated_q3_exceeded_q99,rotated_q4_max_wind_speed,rotated_q4_max_wind_lat,rotated_q4_max_wind_lon,rotated_q4_max_wind_dist_km,rotated_q4_exceeded_15_6,rotated_q4_exceeded_20_0,rotated_q4_exceeded_25_0,rotated_q4_exceeded_q90,rotated_q4_exceeded_q95,rotated_q4_exceeded_q99
2010-01-10 00:00,-43.0,-59.75,323.3823050430034,13.670040130615234,-46.5,-62.25,436.33421299594806,0,0,0,1,1,0,11.641410827636719,-41.25,-63.75,382.9375153569031,0,0,0,1,0,0,9.908147811889648,-41.75,-59.75,138.9936583056984,0,0,0,0,0,0,11.835373878479004,-46.75,-51.0,805.0620714436832,0,0,0,1,0,0,13.670040130615234,-46.5,-62.25,436.33421299594806,0,0,0,1,1,0,11.641410827636719,-41.25,-63.75,382.9375153569031,0,0,0,1,0,0,9.908147811889648,-41.75,-59.75,138.9936583056984,0,0,0,0,0,0,11.835373878479004,-46.75,-51.0,805.0620714436832,0,0,0,1,0,0,13.670040130615234,-46.5,-62.25,436.33421299594806,0,0,0,1,1,0
2010-01-10 06:00,-41.0,-61.75,323.1684145390965,13.950614929199219,-45.25,-63.75,499.6310609246701,0,0,0,1,1,0,10.331079483032227,-39.25,-62.0,195.7483413460279,0,0,0,0,0,0,12.739605903625488,-40.25,-60.25,151.59045977019647,0,0,0,1,1,0,13.087849617004395,-41.75,-54.0,651.7911341443232,0,0,0,1,1,0,13.950614929199219,-45.25,-63.75,499.6310609246701,0,0,0,1,1,0,10.4263916015625,-41.75,-63.75,186.55218232190484,0,0,0,0,0,0,12.532463073730469,-40.25,-60.5,134.47416422866448,0,0,0,1,1,0,13.087849617004395,-41.75,-54.0,651.7911341443232,0,0,0,1,1,0,13.950614929199219,-45.25,-63.75,499.6310609246701,0,0,0,1,1,0
2010-01-10 12:00,-40.0,-62.75,66.21038746804186,11.308317184448242,-46.0,-53.75,989.2018176885383,0,0,0,1,0,0,8.744346618652344,-34.75,-73.25,1095.0362588894934,0,0,0,0,0,0,10.76248550415039,-39.0,-57.25,484.7384477261755,0,0,0,0,0,0,11.308317184448242,-46.0,-53.75,989.2018176885383,0,0,0,1,0,0,10.69614315032959,-45.0,-73.5,1040.683864932275,0,0,0,0,0,0,9.29473876953125,-38.25,-57.75,473.0782513802393,0,0,0,0,0,0,11.308317184448242,-46.0,-53.75,989.2018176885383,0,0,0,1,0,0,10.826125144958496,-43.5,-61.25,408.5714018429239,0,0,0,0,0,0,9.514894485473633,-43.5,-73.5,972.0540136996146,0,0,0,0,0,0
2010-01-10 18:00,-40.75,-61.0,151.37671042198184,12.666845321655273,-41.5,-48.25,1070.2202300626677,0,0,0,1,1,0,8.299936294555664,-36.5,-68.25,786.9299035897157,0,0,0,0,0,0,11.497178077697754,-40.75,-49.25,989.0485869022352,0,0,0,1,0,0,12.666845321655273,-41.5,-48.25,1070.2202300626677,0,0,0,1,1,0,10.248275756835938,-46.25,-69.75,932.8654247608566,0,0,0,0,0,0,12.666845321655273,-41.5,-48.25,1070.2202300626677,0,0,0,1,1,0,11.171133041381836,-50.5,-58.75,1098.038618455561,0,0,0,1,0,0,9.716702461242676,-43.25,-73.25,1048.64194141408,0,0,0,0,0,0,11.3836669921875,-36.75,-56.25,606.0228515257637,0,0,0,1,0,0
2010-01-11 00:00,-42.75,-60.75,198.95114486277953,13.462105751037598,-41.5,-63.75,283.75758232211143,0,0,0,1,1,0,13.462105751037598,-41.5,-63.75,283.75758232211143,0,0,0,1,1,0,11.49763298034668,-35.0,-57.0,920.6110628644695,0,0,0,1,0,0,10.583985328674316,-50.0,-55.5,900.6263849278059,0,0,0,0,0,0,13.09760570526123,-45.0,-73.5,1050.9311021962012,0,0,0,1,1,0,10.583985328674316,-50.0,-55.5,900.6263849278059,0,0,0,0,0,0,13.09760570526123,-45.0,-73.5,1050.9311021962012,0,0,0,1,1,0,13.462105751037598,-41.5,-63.75,283.75758232211143,0,0,0,1,1,0,11.49763298034668,-35.0,-57.0,920.6110628644695,0,0,0,1,0,0
2010-01-11 06:00,-44.5,-62.75,180.0,15.532975196838379,-47.75,-76.25,1099.6470720801078,0,0,0,1,1,0,14.894268035888672,-43.5,-73.25,846.5885411117129,0,0,0,1,1,0,12.573375701904297,-41.0,-62.0,393.9656561995502,0,0,0,1,1,0,12.370759010314941,-48.75,-50.75,1029.4602861927647,0,0,0,1,0,0,15.532975196838379,-47.75,-76.25,1099.6470720801078,0,0,0,1,1,0,12.370759010314941,-48.75,-50.75,1029.4602861927647,0,0,0,1,0,0,15.532975196838379,-47.75,-76.25,1099.6470720801078,0,0,0,1,1,0,14.894268035888672,-43.5,-73.25,846.5885411117129,0,0,0,1,1,0,12.573375701904297,-41.0,-62.0,393.9656561995502,0,0,0,1,1,0
2010-01-11 12:00,-46.5,-60.75,90.0,13.882720947265625,-53.25,-64.25,791.1153348866901,0,0,0,1,1,0,13.804417610168457,-44.75,-61.5,203.14081026565054,0,0,0,1,1,0,13.394011497497559,-44.25,-60.75,250.18858495025714,0,0,0,1,1,0,11.635504722595215,-47.0,-47.0,1047.721806156457,0,0,0,1,0,0,13.882720947265625,-53.25,-64.25,791.1153348866901,0,0,0,1,1,0,13.394011497497559,-44.25,-60.75,250.18858495025714,0,0,0,1,1,0,11.635504722595215,-47.0,-47.0,1047.721806156457,0,0,0,1,0,0,13.882720947265625,-53.25,-64.25,791.1153348866901,0,0,0,1,1,0,13.804417610168457,-44.75,-61.5,203.14081026565054,0,0,0,1,1,0
2010-01-11 18:00,-44.5,-59.75,19.627516580904228,15.356688499450684,-45.5,-60.0,112.91880672411766,0,0,0,1,1,0,15.034605979919434,-39.75,-69.0,926.9332233480054,0,0,0,1,1,0,14.411652565002441,-44.5,-59.75,0.0,0,0,0,1,1,0,15.32812213897705,-45.25,-59.75,83.39619498341905,0,0,0,1,1,0,15.356688499450684,-45.5,-60.0,112.91880672411766,0,0,0,1,1,0,15.034605979919434,-39.75,-69.0,926.9332233480054,0,0,0,1,1,0,14.411652565002441,-44.5,-59.75,0.0,0,0,0,1,1,0,15.356688499450684,-45.5,-60.0,112.91880672411766,0,0,0,1,1,0,15.267363548278809,-45.25,-60.25,92.2340228933231,0,0,0,1,1,0
2010-01-12 00:00,-42.5,-58.75,11.849156476465055,17.358388900756836,-37.0,-66.5,900.9394871356,1,0,0,1,1,1,17.358388900756836,-37.0,-66.5,900.9394871356,1,0,0,1,1,1,13.366735458374023,-42.5,-58.0,61.48592417635187,0,0,0,1,1,0,15.653072357177734,-43.75,-57.0,198.71265359289328,1,0,0,1,1,1,14.478951454162598,-44.0,-59.0,168.01663139900305,0,0,0,1,1,0,17.358388900756836,-37.0,-66.5,900.9394871356,1,0,0,1,1,1,13.366735458374023,-42.5,-58.0,61.48592417635187,0,0,0,1,1,0,15.653072357177734,-43.75,-57.0,198.71265359289328,1,0,0,1,1,1,14.452667236328125,-43.75,-59.25,144.79508630685584,0,0,0,1,1,0
2010-01-12 06:00,-41.0,-58.75,336.59248970225383,18.45521354675293,-39.0,-58.0,231.3811803695624,1,0,0,1,1,1,13.961342811584473,-39.5,-61.25,269.85974484885793,0,0,0,1,1,0,18.45521354675293,-39.0,-58.0,231.3811803695624,1,0,0,1,1,1,16.39492416381836,-43.25,-54.75,413.9452622666535,1,0,0,1,1,1,14.641019821166992,-45.0,-65.25,690.431809031278,0,0,0,1,1,0,14.364364624023438,-42.0,-62.0,292.58576512663814,0,0,0,1,1,0,18.45521354675293,-39.0,-58.0,231.3811803695624,1,0,0,1,1,1,16.39492416381836,-43.25,-54.75,413.9452622666535,1,0,0,1,1,1,14.641019821166992,-45.0,-65.25,690.431809031278,0,0,0,1,1,0
2010-01-12 12:00,-39.0,-60.75,293.6708349659366,20.68705177307129,-41.0,-54.25,596.4702409217232,1,1,0,1,1,1,13.955365180969238,-30.5,-62.5,958.5246138947139,0,0,0,1,1,0,16.23211097717285,-38.5,-52.5,717.3420844117184,1,0,0,1,1,1,20.68705177307129,-41.0,-54.25,596.4702409217232,1,1,0,1,1,1,15.738299369812012,-41.0,-62.0,246.5572383364514,1,0,0,1,1,1,15.738299369812012,-41.0,-62.0,246.5572383364514,1,0,0,1,1,1,13.955365180969238,-30.5,-62.5,958.5246138947139,0,0,0,1,1,0,20.68705177307129,-41.0,-54.25,596.4702409217232,1,1,0,1,1,1,19.869909286499023,-41.25,-54.25,606.4361472725959,1,0,0,1,1,1
2010-01-12 18:00,-40.0,-61.75,194.22313902520136,25.41275978088379,-44.0,-51.75,937.5161561670243,1,1,1,1,1,1,12.960172653198242,-39.5,-69.0,622.12600124975,0,0,0,1,1,0,20.587400436401367,-39.25,-50.25,987.7630376698231,1,1,0,1,1,1,25.41275978088379,-44.0,-51.75,937.5161561670243,1,1,1,1,1,1,15.458990097045898,-49.5,-65.25,1091.5894036921552,0,0,0,1,1,0,25.41275978088379,-44.0,-51.75,937.5161561670243,1,1,1,1,1,1,15.458990097045898,-49.5,-65.25,1091.5894036921552,0,0,0,1,1,0,11.613173484802246,-38.75,-67.25,492.66363667896314,0,0,0,1,0,0,23.724088668823242,-42.25,-49.5,1055.0941479248518,1,1,0,1,1,1
2010-01-13 00:00,-42.0,-61.75,99.28433546507267,20.4383602142334,-46.0,-49.25,1092.7231364240076,1,1,0,1,1,1,11.281586647033691,-42.0,-64.5,227.233552246126,0,0,0,1,0,0,17.566822052001953,-42.0,-48.5,1093.804352250015,1,0,0,1,1,1,20.4383602142334,-46.0,-49.25,1092.7231364240076,1,1,0,1,1,1,14.729156494140625,-49.0,-62.0,778.6070727962594,0,0,0,1,1,0,17.83149528503418,-42.25,-48.5,1091.9987163926453,1,0,0,1,1,1,20.4383602142334,-46.0,-49.25,1092.7231364240076,1,1,0,1,1,1,14.626254081726074,-51.5,-65.75,1098.9991880802295,0,0,0,1,1,0,10.921027183532715,-39.5,-68.25,613.8319479898147,0,0,0,1,0,0
2010-01-13 06:00,-40.25,-59.75,8.53524331313406,19.762598037719727,-43.25,-51.25,779.5595893677821,1,0,0,1,1,1,10.604549407958984,-39.25,-68.0,713.7411927104057,0,0,0,0,0,0,16.828628540039062,-40.0,-49.0,913.8720637381192,1,0,0,1,1,1,19.762598037719727,-43.25,-51.25,779.5595893677821,1,0,0,1,1,1,16.068105697631836,-47.5,-60.0,806.4109773075627,1,0,0,1,1,1,10.604549407958984,-39.25,-68.0,713.7411927104057,0,0,0,0,0,0,17.68876838684082,-41.5,-47.75,1017.6264012317378,1,0,0,1,1,1,19.762598037719727,-43.25,-51.25,779.5595893677821,1,0,0,1,1,1,15.186774253845215,-48.25,-61.5,900.345539247989,0,0,0,1,1,0
2010-01-13 12:00,-40.75,-61.5,0.0,18.696134567260742,-44.25,-49.5,1056.6954597034044,1,0,0,1,1,1,11.379021644592285,-40.75,-67.75,526.3723508475293,0,0,0,1,0,0,15.90286636352539,-40.75,-48.5,1094.0824027357194,1,0,0,1,1,1,18.696134567260742,-44.25,-49.5,1056.6954597034044,1,0,0,1,1,1,14.784747123718262,-49.25,-62.5,948.3976900160435,0,0,0,1,1,0,11.379021644592285,-40.75,-67.75,526.3723508475293,0,0,0,1,0,0,15.90286636352539,-40.75,-48.5,1094.0824027357194,1,0,0,1,1,1,18.696134567260742,-44.25,-49.5,1056.6954597034044,1,0,0,1,1,1,14.784747123718262,-49.25,-62.5,948.3976900160435,0,0,0,1,1,0
2010-01-13 18:00,-40.0,-59.75,49.17370611849276,18.406103134155273,-47.75,-51.25,1097.1532852214807,1,0,0,1,1,1,10.39642333984375,-39.5,-69.0,792.3881545596133,0,0,0,0,0,0,17.44439697265625,-39.25,-49.75,860.053566183968,1,0,0,1,1,1,18.406103134155273,-47.75,-51.25,1097.1532852214807,1,0,0,1,1,1,16.800548553466797,-49.5,-60.5,1057.9958080436024,1,0,0,1,1,1,12.1129150390625,-36.5,-55.0,568.6112410426168,0,0,0,1,0,0,18.297273635864258,-42.0,-49.75,867.5872930792458,1,0,0,1,1,1,18.406103134155273,-47.75,-51.25,1097.1532852214807,1,0,0,1,1,1,15.12114429473877,-45.75,-70.5,1082.9640568360883,0,0,0,1,1,0
2010-01-14 00:00,-38.25,-57.75,41.908136926950476,18.067834854125977,-46.5,-51.75,1040.6235792561617,1,0,0,1,1,1,7.296027183532715,-34.5,-58.0,417.58068323859277,0,0,0,0,0,0,15.98584270477295,-37.75,-47.25,921.2214107265207,1,0,0,1,1,1,18.067834854125977,-46.5,-51.75,1040.6235792561617,1,0,0,1,1,1,15.094351768493652,-47.25,-58.0,1000.9609834377104,0,0,0,1,1,0,9.089935302734375,-36.75,-56.5,199.94327449983746,0,0,0,0,0,0,17.41646385192871,-41.25,-50.75,684.8170074824969,1,0,0,1,1,1,18.067834854125977,-46.5,-51.75,1040.6235792561617,1,0,0,1,1,1,12.647555351257324,-45.25,-66.5,1063.0502702862536,0,0,0,1,1,0
2010-01-14 06:00,-36.5,-55.75,40.95879638790967,18.45284080505371,-46.25,-55.25,1084.9465235098905,1,0,0,1,1,1,6.773462295532227,-34.75,-57.25,237.15552610456038,0,0,0,0,0,0,13.23132610321045,-36.5,-48.0,692.5451824885679,0,0,0,1,1,0,18.45284080505371,-46.25,-55.25,1084.9465235098905,1,0,0,1,1,1,17.448688507080078,-46.25,-56.0,1084.349587162182,1,0,0,1,1,1,8.088309288024902,-32.5,-51.75,576.2306877341512,0,0,0,0,0,0,16.52174949645996,-40.0,-50.5,601.1596506213014,1,0,0,1,1,1,18.45284080505371,-46.25,-55.25,1084.9465235098905,1,0,0,1,1,1,11.389265060424805,-41.25,-63.75,870.3215800305851,0,0,0,1,0,0
2010-01-14 12:00,-35.25,-54.5,49.265922698369025,17.112401962280273,-44.75,-52.5,1069.9034204110014,1,0,0,1,1,1,6.6473798751831055,-35.25,-66.5,1089.01155291723,0,0,0,0,0,0,11.725598335266113,-34.0,-47.75,632.9368996423296,0,0,0,1,0,0,17.112401962280273,-44.75,-52.5,1069.9034204110014,1,0,0,1,1,1,15.269268035888672,-45.0,-54.75,1084.3573122502562,0,0,0,1,1,0,9.616958618164062,-32.25,-50.5,497.9517787012916,0,0,0,0,0,0,15.74575424194336,-37.75,-49.5,526.2028167610328,1,0,0,1,1,1,17.112401962280273,-44.75,-52.5,1069.9034204110014,1,0,0,1,1,1,8.886744499206543,-39.5,-61.5,777.9953092630114,0,0,0,0,0,0
2010-01-14 18:00,-34.75,-53.25,64.94876816851723,17.3262882232666,-42.25,-48.75,920.9650787775879,1,0,0,1,1,1,5.63663387298584,-26.25,-57.5,1028.8255977198048,0,0,0,0,0,0,13.187896728515625,-34.75,-42.75,958.8741240218122,0,0,0,1,1,0,17.3262882232666,-42.25,-48.75,920.9650787775879,1,0,0,1,1,1,13.448984146118164,-44.5,-53.5,1084.3603869310252,0,0,0,1,1,0,10.30251693725586,-33.25,-49.5,383.78873521550605,0,0,0,0,0,0,17.3262882232666,-42.25,-48.75,920.9650787775879,1,0,0,1,1,1,17.193178176879883,-42.25,-49.0,911.9681824376156,1,0,0,1,1,1,5.459290027618408,-26.5,-57.75,1013.0480491895572,0,0,0,0,0,0
2010-01-15 00:00,-34.0,-51.25,47.99043166318927,14.807872772216797,-41.75,-48.25,900.9233215292846,0,0,0,1,1,0,8.56242561340332,-31.25,-51.5,306.6806497304902,0,0,0,0,0,0,12.083436012268066,-34.0,-48.25,276.5444359703569,0,0,0,1,0,0,14.807872772216797,-41.75,-48.25,900.9233215292846,0,0,0,1,1,0,11.666531562805176,-40.5,-51.5,723.1046769950475,0,0,0,1,0,0,10.461495399475098,-30.75,-48.0,472.9580464423061,0,0,0,0,0,0,12.935942649841309,-38.75,-45.75,721.80724361986,0,0,0,1,1,0,14.807872772216797,-41.75,-48.25,900.9233215292846,0,0,0,1,1,0,6.334198951721191,-35.75,-57.0,559.3573037448,0,0,0,0,0,0
2010-01-15 06:00,-32.5,-50.25,35.672309132294686,13.468759536743164,-39.75,-42.25,1078.9325822123621,0,0,0,1,1,0,5.580352783203125,-30.5,-51.0,233.47876340222578,0,0,0,0,0,0,12.078372955322266,-26.0,-42.5,1042.2743813647965,0,0,0,1,0,0,13.468759536743164,-39.75,-42.25,1078.9325822123621,0,0,0,1,1,0,8.380759239196777,-39.5,-50.5,778.6882758753093,0,0,0,0,0,0,9.197891235351562,-25.5,-46.75,849.3695108230335,0,0,0,0,0,0,12.545827865600586,-38.0,-40.25,1093.7636601945526,0,0,0,1,1,0,13.468759536743164,-39.75,-42.25,1078.9325822123621,0,0,0,1,1,0,7.802063941955566,-35.0,-54.25,462.57589538137773,0,0,0,0,0,0
2010-01-15 12:00,-32.25,-49.75,59.408133834891146,10.847665786743164,-40.0,-42.25,1092.8714803227922,0,0,0,1,0,0,7.033975124359131,-26.25,-53.0,737.8008413823642,0,0,0,0,0,0,9.632157325744629,-26.5,-40.75,1080.6038572417565,0,0,0,0,0,0,10.847665786743164,-40.0,-42.25,1092.8714803227922,0,0,0,1,0,0,7.955216407775879,-35.0,-57.0,737.3807344666316,0,0,0,0,0,0,9.632157325744629,-26.5,-40.75,1080.6038572417565,0,0,0,0,0,0,10.847665786743164,-40.0,-42.25,1092.8714803227922,0,0,0,1,0,0,10.103859901428223,-40.75,-43.5,1097.174863150775,0,0,0,0,0,0,7.955216407775879,-35.0,-57.0,737.3807344666316,0,0,0,0,0,0
2010-01-15 18:00,-32.0,-49.25,111.53826046330971,10.910487174987793,-38.75,-40.5,1091.0906142342199,0,0,0,1,0,0,8.6465482711792,-30.5,-51.0,235.56499297775423,0,0,0,0,0,0,9.086760520935059,-26.0,-40.5,1080.5805521122466,0,0,0,0,0,0,10.910487174987793,-38.75,-40.5,1091.0906142342199,0,0,0,1,0,0,6.891168117523193,-35.5,-52.25,477.84212299122316,0,0,0,0,0,0,9.086760520935059,-26.0,-40.5,1080.5805521122466,0,0,0,0,0,0,10.910487174987793,-38.75,-40.5,1091.0906142342199,0,0,0,1,0,0,6.903396129608154,-31.25,-51.5,228.77041989494163,0,0,0,0,0,0,8.6465482711792,-30.5,-51.0,235.56499297775423,0,0,0,0,0,0
2010-01-16 00:00,-32.5,-49.0,157.07825214559864,10.968624114990234,-31.25,-51.5,273.9339896271695,0,0,0,1,0,0,10.968624114990234,-31.25,-51.5,273.9339896271695,0,0,0,1,0,0,8.3172025680542,-25.5,-41.25,1082.760898006239,0,0,0,0,0,0,8.13740062713623,-42.25,-49.0,1084.1505347844477,0,0,0,0,0,0,9.506837844848633,-35.5,-54.0,568.8344396350151,0,0,0,0,0,0,7.485195159912109,-28.75,-38.5,1087.113139983763,0,0,0,0,0,0,9.506837844848633,-35.5,-54.0,568.8344396350151,0,0,0,0,0,0,10.968624114990234,-31.25,-51.5,273.9339896271695,0,0,0,1,0,0,10.734163284301758,-30.0,-50.0,293.78670217182275,0,0,0,0,0,0
