time,lat_center,lon_center,bearing_motion,fixed_q1_q90_total,fixed_q1_q90_exceed,fixed_q1_q90_pct,fixed_q2_q90_total,fixed_q2_q90_exceed,fixed_q2_q90_pct,fixed_q3_q90_total,fixed_q3_q90_exceed,fixed_q3_q90_pct,fixed_q4_q90_total,fixed_q4_q90_exceed,fixed_q4_q90_pct,fixed_q1_q95_total,fixed_q1_q95_exceed,fixed_q1_q95_pct,fixed_q2_q95_total,fixed_q2_q95_exceed,fixed_q2_q95_pct,fixed_q3_q95_total,fixed_q3_q95_exceed,fixed_q3_q95_pct,fixed_q4_q95_total,fixed_q4_q95_exceed,fixed_q4_q95_pct,fixed_q1_q99_total,fixed_q1_q99_exceed,fixed_q1_q99_pct,fixed_q2_q99_total,fixed_q2_q99_exceed,fixed_q2_q99_pct,fixed_q3_q99_total,fixed_q3_q99_exceed,fixed_q3_q99_pct,fixed_q4_q99_total,fixed_q4_q99_exceed,fixed_q4_q99_pct,rotated_q1_q90_total,rotated_q1_q90_exceed,rotated_q1_q90_pct,rotated_q2_q90_total,rotated_q2_q90_exceed,rotated_q2_q90_pct,rotated_q3_q90_total,rotated_q3_q90_exceed,rotated_q3_q90_pct,rotated_q4_q90_total,rotated_q4_q90_exceed,rotated_q4_q90_pct,rotated_q1_q95_total,rotated_q1_q95_exceed,rotated_q1_q95_pct,rotated_q2_q95_total,rotated_q2_q95_exceed,rotated_q2_q95_pct,rotated_q3_q95_total,rotated_q3_q95_exceed,rotated_q3_q95_pct,rotated_q4_q95_total,rotated_q4_q95_exceed,rotated_q4_q95_pct,rotated_q1_q99_total,rotated_q1_q99_exceed,rotated_q1_q99_pct,rotated_q2_q99_total,rotated_q2_q99_exceed,rotated_q2_q99_pct,rotated_q3_q99_total,rotated_q3_q99_exceed,rotated_q3_q99_pct,rotated_q4_q99_total,rotated_q4_q99_exceed,rotated_q4_q99_pct
2019-07-05 09:00,-28.75,-48.75,0.0,1383,0,0.0,1423,3,0.21082220660576245,1434,179,12.482566248256626,1395,447,32.043010752688176,1383,0,0.0,1423,0,0.0,1434,33,2.301255230125523,1395,319,22.867383512544805,1383,0,0.0,1423,0,0.0,1434,0,0.0,1395,7,0.5017921146953405,1383,0,0.0,1423,3,0.21082220660576245,1434,179,12.482566248256626,1395,447,32.043010752688176,1383,0,0.0,1423,0,0.0,1434,33,2.301255230125523,1395,319,22.867383512544805,1383,0,0.0,1423,0,0.0,1434,0,0.0,1395,7,0.5017921146953405
2019-07-05 10:00,-28.5,-48.75,0.0,1377,0,0.0,1417,6,0.4234297812279464,1431,118,8.24598183088749,1392,388,27.873563218390807,1377,0,0.0,1417,0,0.0,1431,2,0.1397624039133473,1392,260,18.67816091954023,1377,0,0.0,1417,0,0.0,1431,0,0.0,1392,17,1.221264367816092,1377,0,0.0,1417,6,0.4234297812279464,1431,118,8.24598183088749,1392,388,27.873563218390807,1377,0,0.0,1417,0,0.0,1431,2,0.1397624039133473,1392,260,18.67816091954023,1377,0,0.0,1417,0,0.0,1431,0,0.0,1392,17,1.221264367816092
2019-07-05 11:00,-28.5,-48.75,90.0,1377,0,0.0,1417,6,0.4234297812279464,1431,106,7.4074074074074066,1392,385,27.65804597701149,1377,0,0.0,1417,1,0.07057163020465773,1431,2,0.1397624039133473,1392,249,17.887931034482758,1377,0,0.0,1417,0,0.0,1431,0,0.0,1392,11,0.7902298850574714,1371,6,0.437636761487965,1477,106,7.176709546377793,1437,385,26.791927627000696,1332,0,0.0,1371,1,0.07293946024799416,1477,2,0.13540961408259986,1437,249,17.32776617954071,1332,0,0.0,1371,0,0.0,1477,0,0.0,1437,11,0.7654836464857342,1332,0,0.0
2019-07-05 12:00,-28.5,-48.5,90.0,1377,0,0.0,1417,5,0.35285815102328866,1431,90,6.289308176100629,1392,403,28.951149425287355,1377,0,0.0,1417,0,0.0,1431,0,0.0,1392,244,17.52873563218391,1377,0,0.0,1417,0,0.0,1431,0,0.0,1392,29,2.083333333333333,1371,5,0.36469730123997085,1477,90,6.093432633716994,1437,403,28.04453723034099,1332,0,0.0,1371,0,0.0,1477,0,0.0,1437,244,16.97981906750174,1332,0,0.0,1371,0,0.0,1477,0,0.0,1437,29,2.0180932498260264,1332,0,0.0
2019-07-05 13:00,-28.5,-48.5,90.0,1377,0,0.0,1417,9,0.6351446718419196,1431,94,6.568832983927324,1392,416,29.88505747126437,1377,0,0.0,1417,1,0.07057163020465773,1431,4,0.2795248078266946,1392,238,17.097701149425287,1377,0,0.0,1417,0,0.0,1431,0,0.0,1392,38,2.7298850574712645,1371,9,0.6564551422319475,1477,94,6.3642518618821935,1437,416,28.94919972164231,1332,0,0.0,1371,1,0.07293946024799416,1477,4,0.2708192281651997,1437,238,16.562282533054976,1332,0,0.0,1371,0,0.0,1477,0,0.0,1437,38,2.6443980514961725,1332,0,0.0
2019-07-05 14:00,-28.5,-48.5,90.0,1377,0,0.0,1417,14,0.9880028228652082,1431,113,7.896575821104122,1392,415,29.813218390804597,1377,0,0.0,1417,1,0.07057163020465773,1431,9,0.628930817610063,1392,246,17.67241379310345,1377,0,0.0,1417,0,0.0,1431,0,0.0,1392,40,2.8735632183908044,1371,12,0.87527352297593,1477,115,7.786052809749493,1437,415,28.879610299234514,1332,0,0.0,1371,1,0.07293946024799416,1477,9,0.6093432633716994,1437,246,17.118997912317326,1332,0,0.0,1371,0,0.0,1477,0,0.0,1437,40,2.783576896311761,1332,0,0.0
2019-07-05 15:00,-28.5,-48.25,90.0,1377,0,0.0,1417,28,1.9760056457304165,1431,114,7.966457023060797,1392,420,30.17241379310345,1377,0,0.0,1417,1,0.07057163020465773,1431,12,0.8385744234800839,1392,270,19.396551724137932,1377,0,0.0,1417,0,0.0,1431,0,0.0,1392,54,3.8793103448275863,1371,20,1.4587892049598834,1477,122,8.259986459038592,1437,420,29.227557411273487,1332,0,0.0,1371,1,0.07293946024799416,1477,12,0.8124576844955992,1437,270,18.789144050104383,1332,0,0.0,1371,0,0.0,1477,0,0.0,1437,54,3.7578288100208765,1332,0,0.0
2019-07-05 16:00,-28.5,-48.25,90.0,1377,0,0.0,1417,33,2.328863796753705,1431,132,9.224318658280922,1392,411,29.52586206896552,1377,0,0.0,1417,0,0.0,1431,31,2.166317260656883,1392,278,19.97126436781609,1377,0,0.0,1417,0,0.0,1431,0,0.0,1392,63,4.525862068965517,1371,24,1.75054704595186,1477,141,9.546377792823291,1437,411,28.60125260960334,1332,0,0.0,1371,0,0.0,1477,31,2.098849018280298,1437,278,19.345859429366737,1332,0,0.0,1371,0,0.0,1477,0,0.0,1437,63,4.3841336116910234,1332,0,0.0
2019-07-05 17:00,-28.5,-48.0,180.0,1377,0,0.0,1417,44,3.10515172900494,1431,130,9.084556254367575,1392,407,29.238505747126435,1377,0,0.0,1417,4,0.2822865208186309,1431,44,3.0747728860936405,1392,274,19.68390804597701,1377,0,0.0,1417,0,0.0,1431,0,0.0,1392,74,5.316091954022988,1437,125,8.69867780097425,1477,421,28.503723764387274,1371,1,0.07293946024799416,1332,34,2.5525525525525525,1437,39,2.7139874739039667,1477,283,19.16046039268788,1371,0,0.0,1332,0,0.0,1437,0,0.0,1477,74,5.0101557210561944,1371,0,0.0,1332,0,0.0
2019-07-05 18:00,-28.75,-48.25,221.24191168161497,1383,0,0.0,1423,51,3.5839775122979622,1434,147,10.251046025104603,1395,375,26.881720430107524,1383,0,0.0,1423,7,0.4919184820801124,1434,71,4.951185495118549,1395,236,16.91756272401434,1383,0,0.0,1423,0,0.0,1434,0,0.0,1395,80,5.734767025089606,1455,425,29.20962199312715,1405,40,2.8469750889679712,1366,0,0.0,1409,108,7.6650106458481195,1455,264,18.144329896907216,1405,30,2.135231316725979,1366,0,0.0,1409,20,1.4194464158977997,1455,71,4.879725085910653,1405,9,0.6405693950177936,1366,0,0.0,1409,0,0.0
2019-07-05 19:00,-29.0,-48.5,270.0,1387,0,0.0,1427,74,5.185704274702172,1439,152,10.562890896455873,1400,366,26.142857142857146,1387,0,0.0,1427,8,0.5606166783461808,1439,93,6.4628214037526055,1400,209,14.92857142857143,1387,0,0.0,1427,0,0.0,1439,9,0.6254343293954135,1400,81,5.785714285714286,1439,379,26.337734537873526,1427,0,0.0,1387,74,5.335255948089401,1400,139,9.928571428571429,1439,219,15.218902015288393,1427,0,0.0,1387,8,0.5767844268204758,1400,83,5.928571428571429,1439,87,6.045865184155664,1427,0,0.0,1387,0,0.0,1400,3,0.2142857142857143
2019-07-05 20:00,-28.75,-48.5,0.0,1383,0,0.0,1423,67,4.708362614195362,1434,176,12.273361227336123,1395,353,25.304659498207887,1383,0,0.0,1423,4,0.28109627547434995,1434,98,6.834030683403068,1395,204,14.623655913978496,1383,0,0.0,1423,0,0.0,1434,19,1.3249651324965133,1395,74,5.304659498207885,1383,0,0.0,1423,67,4.708362614195362,1434,176,12.273361227336123,1395,353,25.304659498207887,1383,0,0.0,1423,4,0.28109627547434995,1434,98,6.834030683403068,1395,204,14.623655913978496,1383,0,0.0,1423,0,0.0,1434,19,1.3249651324965133,1395,74,5.304659498207885
2019-07-05 21:00,-28.75,-48.5,240.24438820857654,1383,0,0.0,1423,91,6.394940267041462,1434,183,12.761506276150628,1395,345,24.731182795698924,1383,0,0.0,1423,1,0.07027406886858749,1434,105,7.322175732217573,1395,192,13.763440860215054,1383,0,0.0,1423,0,0.0,1434,27,1.882845188284519,1395,62,4.444444444444445,1450,393,27.103448275862068,1396,0,0.0,1368,9,0.6578947368421052,1421,217,15.270935960591133,1450,230,15.862068965517242,1396,0,0.0,1368,1,0.07309941520467836,1421,67,4.714989444053484,1450,88,6.068965517241379,1396,0,0.0,1368,0,0.0,1421,1,0.07037297677691766
2019-07-05 22:00,-29.25,-49.5,245.4234093091003,1390,0,0.0,1430,143,10.0,1441,200,13.879250520471894,1402,211,15.049928673323823,1390,0,0.0,1430,16,1.118881118881119,1441,117,8.119361554476058,1402,109,7.774607703281027,1390,0,0.0,1430,0,0.0,1441,41,2.8452463566967383,1402,12,0.8559201141226819,1455,277,19.037800687285223,1399,0,0.0,1380,13,0.9420289855072465,1429,264,18.47445766270119,1455,128,8.79725085910653,1399,0,0.0,1380,1,0.07246376811594203,1429,113,7.9076277116864935,1455,27,1.8556701030927836,1399,0,0.0,1380,0,0.0,1429,26,1.819454163750875
2019-07-05 23:00,-29.25,-49.75,0.0,1390,0,0.0,1430,173,12.097902097902098,1441,221,15.336571825121442,1402,185,13.195435092724678,1390,0,0.0,1430,40,2.797202797202797,1441,127,8.813324080499653,1402,91,6.490727532097004,1390,0,0.0,1430,0,0.0,1441,60,4.163775156141568,1402,4,0.28530670470756064,1390,0,0.0,1430,173,12.097902097902098,1441,221,15.336571825121442,1402,185,13.195435092724678,1390,0,0.0,1430,40,2.797202797202797,1441,127,8.813324080499653,1402,91,6.490727532097004,1390,0,0.0,1430,0,0.0,1441,60,4.163775156141568,1402,4,0.28530670470756064
2019-07-06 00:00,-29.0,-49.5,41.173582067487985,1387,0,0.0,1427,157,11.002102312543798,1439,225,15.635858234885337,1400,190,13.571428571428571,1387,0,0.0,1427,45,3.153468815697267,1439,123,8.547602501737316,1400,102,7.285714285714286,1387,0,0.0,1427,0,0.0,1439,66,4.586518415566365,1400,10,0.7142857142857143,1371,24,1.75054704595186,1416,250,17.65536723163842,1458,298,20.438957475994513,1408,0,0.0,1371,9,0.6564551422319475,1416,110,7.768361581920905,1458,151,10.356652949245541,1408,0,0.0,1371,0,0.0,1416,40,2.824858757062147,1458,36,2.4691358024691357,1408,0,0.0
2019-07-06 01:00,-28.75,-49.25,41.207832294359264,1383,0,0.0,1423,144,10.1194659170766,1434,236,16.457461645746164,1395,194,13.906810035842293,1383,0,0.0,1423,42,2.9515108924806746,1434,125,8.716875871687588,1395,100,7.168458781362006,1383,0,0.0,1423,0,0.0,1434,71,4.951185495118549,1395,9,0.6451612903225806,1366,29,2.12298682284041,1409,246,17.459190915542937,1455,299,20.549828178694156,1405,0,0.0,1366,7,0.5124450951683748,1409,109,7.73598296664301,1455,151,10.378006872852234,1405,0,0.0,1366,0,0.0,1409,43,3.0518097941802695,1455,37,2.542955326460481,1405,0,0.0
