time,lat_center,lon_center,bearing_motion,fixed_q1_15_6_total,fixed_q1_15_6_exceed,fixed_q1_15_6_pct,fixed_q1_15_6_max_val,fixed_q1_15_6_max_lat,fixed_q1_15_6_max_lon,fixed_q1_15_6_max_dist_km,fixed_q1_20_0_total,fixed_q1_20_0_exceed,fixed_q1_20_0_pct,fixed_q1_20_0_max_val,fixed_q1_20_0_max_lat,fixed_q1_20_0_max_lon,fixed_q1_20_0_max_dist_km,fixed_q1_25_0_total,fixed_q1_25_0_exceed,fixed_q1_25_0_pct,fixed_q1_25_0_max_val,fixed_q1_25_0_max_lat,fixed_q1_25_0_max_lon,fixed_q1_25_0_max_dist_km,fixed_q1_q90_total,fixed_q1_q90_exceed,fixed_q1_q90_pct,fixed_q1_q90_max_val,fixed_q1_q90_max_lat,fixed_q1_q90_max_lon,fixed_q1_q90_max_dist_km,fixed_q1_q95_total,fixed_q1_q95_exceed,fixed_q1_q95_pct,fixed_q1_q95_max_val,fixed_q1_q95_max_lat,fixed_q1_q95_max_lon,fixed_q1_q95_max_dist_km,fixed_q1_q99_total,fixed_q1_q99_exceed,fixed_q1_q99_pct,fixed_q1_q99_max_val,fixed_q1_q99_max_lat,fixed_q1_q99_max_lon,fixed_q1_q99_max_dist_km,fixed_q2_15_6_total,fixed_q2_15_6_exceed,fixed_q2_15_6_pct,fixed_q2_15_6_max_val,fixed_q2_15_6_max_lat,fixed_q2_15_6_max_lon,fixed_q2_15_6_max_dist_km,fixed_q2_20_0_total,fixed_q2_20_0_exceed,fixed_q2_20_0_pct,fixed_q2_20_0_max_val,fixed_q2_20_0_max_lat,fixed_q2_20_0_max_lon,fixed_q2_20_0_max_dist_km,fixed_q2_25_0_total,fixed_q2_25_0_exceed,fixed_q2_25_0_pct,fixed_q2_25_0_max_val,fixed_q2_25_0_max_lat,fixed_q2_25_0_max_lon,fixed_q2_25_0_max_dist_km,fixed_q2_q90_total,fixed_q2_q90_exceed,fixed_q2_q90_pct,fixed_q2_q90_max_val,fixed_q2_q90_max_lat,fixed_q2_q90_max_lon,fixed_q2_q90_max_dist_km,fixed_q2_q95_total,fixed_q2_q95_exceed,fixed_q2_q95_pct,fixed_q2_q95_max_val,fixed_q2_q95_max_lat,fixed_q2_q95_max_lon,fixed_q2_q95_max_dist_km,fixed_q2_q99_total,fixed_q2_q99_exceed,fixed_q2_q99_pct,fixed_q2_q99_max_val,fixed_q2_q99_max_lat,fixed_q2_q99_max_lon,fixed_q2_q99_max_dist_km,fixed_q3_15_6_total,fixed_q3_15_6_exceed,fixed_q3_15_6_pct,fixed_q3_15_6_max_val,fixed_q3_15_6_max_lat,fixed_q3_15_6_max_lon,fixed_q3_15_6_max_dist_km,fixed_q3_20_0_total,fixed_q3_20_0_exceed,fixed_q3_20_0_pct,fixed_q3_20_0_max_val,fixed_q3_20_0_max_lat,fixed_q3_20_0_max_lon,fixed_q3_20_0_max_dist_km,fixed_q3_25_0_total,fixed_q3_25_0_exceed,fixed_q3_25_0_pct,fixed_q3_25_0_max_val,fixed_q3_25_0_max_lat,fixed_q3_25_0_max_lon,fixed_q3_25_0_max_dist_km,fixed_q3_q90_total,fixed_q3_q90_exceed,fixed_q3_q90_pct,fixed_q3_q90_max_val,fixed_q3_q90_max_lat,fixed_q3_q90_max_lon,fixed_q3_q90_max_dist_km,fixed_q3_q95_total,fixed_q3_q95_exceed,fixed_q3_q95_pct,fixed_q3_q95_max_val,fixed_q3_q95_max_lat,fixed_q3_q95_max_lon,fixed_q3_q95_max_dist_km,fixed_q3_q99_total,fixed_q3_q99_exceed,fixed_q3_q99_pct,fixed_q3_q99_max_val,fixed_q3_q99_max_lat,fixed_q3_q99_max_lon,fixed_q3_q99_max_dist_km,fixed_q4_15_6_total,fixed_q4_15_6_exceed,fixed_q4_15_6_pct,fixed_q4_15_6_max_val,fixed_q4_15_6_max_lat,fixed_q4_15_6_max_lon,fixed_q4_15_6_max_dist_km,fixed_q4_20_0_total,fixed_q4_20_0_exceed,fixed_q4_20_0_pct,fixed_q4_20_0_max_val,fixed_q4_20_0_max_lat,fixed_q4_20_0_max_lon,fixed_q4_20_0_max_dist_km,fixed_q4_25_0_total,fixed_q4_25_0_exceed,fixed_q4_25_0_pct,fixed_q4_25_0_max_val,fixed_q4_25_0_max_lat,fixed_q4_25_0_max_lon,fixed_q4_25_0_max_dist_km,fixed_q4_q90_total,fixed_q4_q90_exceed,fixed_q4_q90_pct,fixed_q4_q90_max_val,fixed_q4_q90_max_lat,fixed_q4_q90_max_lon,fixed_q4_q90_max_dist_km,fixed_q4_q95_total,fixed_q4_q95_exceed,fixed_q4_q95_pct,fixed_q4_q95_max_val,fixed_q4_q95_max_lat,fixed_q4_q95_max_lon,fixed_q4_q95_max_dist_km,fixed_q4_q99_total,fixed_q4_q99_exceed,fixed_q4_q99_pct,fixed_q4_q99_max_val,fixed_q4_q99_max_lat,fixed_q4_q99_max_lon,fixed_q4_q99_max_dist_km,rotated_q1_15_6_total,rotated_q1_15_6_exceed,rotated_q1_15_6_pct,rotated_q1_15_6_max_val,rotated_q1_15_6_max_lat,rotated_q1_15_6_max_lon,rotated_q1_15_6_max_dist_km,rotated_q1_20_0_total,rotated_q1_20_0_exceed,rotated_q1_20_0_pct,rotated_q1_20_0_max_val,rotated_q1_20_0_max_lat,rotated_q1_20_0_max_lon,rotated_q1_20_0_max_dist_km,rotated_q1_25_0_total,rotated_q1_25_0_exceed,rotated_q1_25_0_pct,rotated_q1_25_0_max_val,rotated_q1_25_0_max_lat,rotated_q1_25_0_max_lon,rotated_q1_25_0_max_dist_km,rotated_q1_q90_total,rotated_q1_q90_exceed,rotated_q1_q90_pct,rotated_q1_q90_max_val,rotated_q1_q90_max_lat,rotated_q1_q90_max_lon,rotated_q1_q90_max_dist_km,rotated_q1_q95_total,rotated_q1_q95_exceed,rotated_q1_q95_pct,rotated_q1_q95_max_val,rotated_q1_q95_max_lat,rotated_q1_q95_max_lon,rotated_q1_q95_max_dist_km,rotated_q1_q99_total,rotated_q1_q99_exceed,rotated_q1_q99_pct,rotated_q1_q99_max_val,rotated_q1_q99_max_lat,rotated_q1_q99_max_lon,rotated_q1_q99_max_dist_km,rotated_q2_15_6_total,rotated_q2_15_6_exceed,rotated_q2_15_6_pct,rotated_q2_15_6_max_val,rotated_q2_15_6_max_lat,rotated_q2_15_6_max_lon,rotated_q2_15_6_max_dist_km,rotated_q2_20_0_total,rotated_q2_20_0_exceed,rotated_q2_20_0_pct,rotated_q2_20_0_max_val,rotated_q2_20_0_max_lat,rotated_q2_20_0_max_lon,rotated_q2_20_0_max_dist_km,rotated_q2_25_0_total,rotated_q2_25_0_exceed,rotated_q2_25_0_pct,rotated_q2_25_0_max_val,rotated_q2_25_0_max_lat,rotated_q2_25_0_max_lon,rotated_q2_25_0_max_dist_km,rotated_q2_q90_total,rotated_q2_q90_exceed,rotated_q2_q90_pct,rotated_q2_q90_max_val,rotated_q2_q90_max_lat,rotated_q2_q90_max_lon,rotated_q2_q90_max_dist_km,rotated_q2_q95_total,rotated_q2_q95_exceed,rotated_q2_q95_pct,rotated_q2_q95_max_val,rotated_q2_q95_max_lat,rotated_q2_q95_max_lon,rotated_q2_q95_max_dist_km,rotated_q2_q99_total,rotated_q2_q99_exceed,rotated_q2_q99_pct,rotated_q2_q99_max_val,rotated_q2_q99_max_lat,rotated_q2_q99_max_lon,rotated_q2_q99_max_dist_km,rotated_q3_15_6_total,rotated_q3_15_6_exceed,rotated_q3_15_6_pct,rotated_q3_15_6_max_val,rotated_q3_15_6_max_lat,rotated_q3_15_6_max_lon,rotated_q3_15_6_max_dist_km,rotated_q3_20_0_total,rotated_q3_20_0_exceed,rotated_q3_20_0_pct,rotated_q3_20_0_max_val,rotated_q3_20_0_max_lat,rotated_q3_20_0_max_lon,rotated_q3_20_0_max_dist_km,rotated_q3_25_0_total,rotated_q3_25_0_exceed,rotated_q3_25_0_pct,rotated_q3_25_0_max_val,rotated_q3_25_0_max_lat,rotated_q3_25_0_max_lon,rotated_q3_25_0_max_dist_km,rotated_q3_q90_total,rotated_q3_q90_exceed,rotated_q3_q90_pct,rotated_q3_q90_max_val,rotated_q3_q90_max_lat,rotated_q3_q90_max_lon,rotated_q3_q90_max_dist_km,rotated_q3_q95_total,rotated_q3_q95_exceed,rotated_q3_q95_pct,rotated_q3_q95_max_val,rotated_q3_q95_max_lat,rotated_q3_q95_max_lon,rotated_q3_q95_max_dist_km,rotated_q3_q99_total,rotated_q3_q99_exceed,rotated_q3_q99_pct,rotated_q3_q99_max_val,rotated_q3_q99_max_lat,rotated_q3_q99_max_lon,rotated_q3_q99_max_dist_km,rotated_q4_15_6_total,rotated_q4_15_6_exceed,rotated_q4_15_6_pct,rotated_q4_15_6_max_val,rotated_q4_15_6_max_lat,rotated_q4_15_6_max_lon,rotated_q4_15_6_max_dist_km,rotated_q4_20_0_total,rotated_q4_20_0_exceed,rotated_q4_20_0_pct,rotated_q4_20_0_max_val,rotated_q4_20_0_max_lat,rotated_q4_20_0_max_lon,rotated_q4_20_0_max_dist_km,rotated_q4_25_0_total,rotated_q4_25_0_exceed,rotated_q4_25_0_pct,rotated_q4_25_0_max_val,rotated_q4_25_0_max_lat,rotated_q4_25_0_max_lon,rotated_q4_25_0_max_dist_km,rotated_q4_q90_total,rotated_q4_q90_exceed,rotated_q4_q90_pct,rotated_q4_q90_max_val,rotated_q4_q90_max_lat,rotated_q4_q90_max_lon,rotated_q4_q90_max_dist_km,rotated_q4_q95_total,rotated_q4_q95_exceed,rotated_q4_q95_pct,rotated_q4_q95_max_val,rotated_q4_q95_max_lat,rotated_q4_q95_max_lon,rotated_q4_q95_max_dist_km,rotated_q4_q99_total,rotated_q4_q99_exceed,rotated_q4_q99_pct,rotated_q4_q99_max_val,rotated_q4_q99_max_lat,rotated_q4_q99_max_lon,rotated_q4_q99_max_dist_km
2012-03-30 18:00,-37.5,-47.0,0.0,1518,0,0.0,,,,,1518,0,0.0,,,,,1518,0,0.0,,,,,1518,0,0.0,,,,,1518,0,0.0,,,,,1518,0,0.0,,,,,1558,0,0.0,,,,,1558,0,0.0,,,,,1558,0,0.0,,,,,1558,0,0.0,,,,,1558,0,0.0,,,,,1558,0,0.0,,,,,1593,0,0.0,,,,,1593,0,0.0,,,,,1593,0,0.0,,,,,1593,29,1.820464532328939,15.055808067321777,-44.25,-37.5,1094.6798149561657,1593,0,0.0,,,,,1593,0,0.0,,,,,1554,0,0.0,,,,,1554,0,0.0,,,,,1554,0,0.0,,,,,1554,0,0.0,,,,,1554,0,0.0,,,,,1554,0,0.0,,,,,1518,0,0.0,,,,,1518,0,0.0,,,,,1518,0,0.0,,,,,1518,0,0.0,,,,,1518,0,0.0,,,,,1518,0,0.0,,,,,1558,0,0.0,,,,,1558,0,0.0,,,,,1558,0,0.0,,,,,1558,0,0.0,,,,,1558,0,0.0,,,,,1558,0,0.0,,,,,1593,0,0.0,,,,,1593,0,0.0,,,,,1593,0,0.0,,,,,1593,29,1.820464532328939,15.055808067321777,-44.25,-37.5,1094.6798149561657,1593,0,0.0,,,,,1593,0,0.0,,,,,1554,0,0.0,,,,,1554,0,0.0,,,,,1554,0,0.0,,,,,1554,0,0.0,,,,,1554,0,0.0,,,,,1554,0,0.0,,,,
2012-03-31 00:00,-37.25,-47.0,38.47344804255732,1513,0,0.0,,,,,1513,0,0.0,,,,,1513,0,0.0,,,,,1513,0,0.0,,,,,1513,0,0.0,,,,,1513,0,0.0,,,,,1553,0,0.0,,,,,1553,0,0.0,,,,,1553,0,0.0,,,,,1553,0,0.0,,,,,1553,0,0.0,,,,,1553,0,0.0,,,,,1590,0,0.0,,,,,1590,0,0.0,,,,,1590,0,0.0,,,,,1590,10,0.628930817610063,14.842079162597656,-42.75,-36.25,1099.7642637851088,1590,0,0.0,,,,,1590,0,0.0,,,,,1551,0,0.0,,,,,1551,0,0.0,,,,,1551,0,0.0,,,,,1551,0,0.0,,,,,1551,0,0.0,,,,,1551,0,0.0,,,,,1489,0,0.0,,,,,1489,0,0.0,,,,,1489,0,0.0,,,,,1489,0,0.0,,,,,1489,0,0.0,,,,,1489,0,0.0,,,,,1548,0,0.0,,,,,1548,0,0.0,,,,,1548,0,0.0,,,,,1548,10,0.6459948320413437,14.842079162597656,-42.75,-36.25,1099.7642637851088,1548,0,0.0,,,,,1548,0,0.0,,,,,1621,0,0.0,,,,,1621,0,0.0,,,,,1621,0,0.0,,,,,1621,0,0.0,,,,,1621,0,0.0,,,,,1621,0,0.0,,,,,1549,0,0.0,,,,,1549,0,0.0,,,,,1549,0,0.0,,,,,1549,0,0.0,,,,,1549,0,0.0,,,,,1549,0,0.0,,,,
2012-03-31 06:00,-37.25,-46.75,180.0,1513,0,0.0,,,,,1513,0,0.0,,,,,1513,0,0.0,,,,,1513,0,0.0,,,,,1513,0,0.0,,,,,1513,0,0.0,,,,,1553,0,0.0,,,,,1553,0,0.0,,,,,1553,0,0.0,,,,,1553,0,0.0,,,,,1553,0,0.0,,,,,1553,0,0.0,,,,,1590,0,0.0,,,,,1590,0,0.0,,,,,1590,0,0.0,,,,,1590,0,0.0,,,,,1590,0,0.0,,,,,1590,0,0.0,,,,,1551,0,0.0,,,,,1551,0,0.0,,,,,1551,0,0.0,,,,,1551,0,0.0,,,,,1551,0,0.0,,,,,1551,0,0.0,,,,,1600,0,0.0,,,,,1600,0,0.0,,,,,1600,0,0.0,,,,,1600,0,0.0,,,,,1600,0,0.0,,,,,1600,0,0.0,,,,,1640,0,0.0,,,,,1640,0,0.0,,,,,1640,0,0.0,,,,,1640,0,0.0,,,,,1640,0,0.0,,,,,1640,0,0.0,,,,,1503,0,0.0,,,,,1503,0,0.0,,,,,1503,0,0.0,,,,,1503,0,0.0,,,,,1503,0,0.0,,,,,1503,0,0.0,,,,,1464,0,0.0,,,,,1464,0,0.0,,,,,1464,0,0.0,,,,,1464,0,0.0,,,,,1464,0,0.0,,,,,1464,0,0.0,,,,
2012-03-31 12:00,-37.5,-47.0,158.36292733314315,1518,0,0.0,,,,,1518,0,0.0,,,,,1518,0,0.0,,,,,1518,0,0.0,,,,,1518,0,0.0,,,,,1518,0,0.0,,,,,1558,0,0.0,,,,,1558,0,0.0,,,,,1558,0,0.0,,,,,1558,0,0.0,,,,,1558,0,0.0,,,,,1558,0,0.0,,,,,1593,0,0.0,,,,,1593,0,0.0,,,,,1593,0,0.0,,,,,1593,0,0.0,,,,,1593,0,0.0,,,,,1593,0,0.0,,,,,1554,0,0.0,,,,,1554,0,0.0,,,,,1554,0,0.0,,,,,1554,0,0.0,,,,,1554,0,0.0,,,,,1554,0,0.0,,,,,1575,0,0.0,,,,,1575,0,0.0,,,,,1575,0,0.0,,,,,1575,0,0.0,,,,,1575,0,0.0,,,,,1575,0,0.0,,,,,1617,0,0.0,,,,,1617,0,0.0,,,,,1617,0,0.0,,,,,1617,0,0.0,,,,,1617,0,0.0,,,,,1617,0,0.0,,,,,1531,0,0.0,,,,,1531,0,0.0,,,,,1531,0,0.0,,,,,1531,0,0.0,,,,,1531,0,0.0,,,,,1531,0,0.0,,,,,1500,0,0.0,,,,,1500,0,0.0,,,,,1500,0,0.0,,,,,1500,0,0.0,,,,,1500,0,0.0,,,,,1500,0,0.0,,,,
2012-03-31 18:00,-37.75,-46.5,141.761509957341,1524,0,0.0,,,,,1524,0,0.0,,,,,1524,0,0.0,,,,,1524,2,0.13123359580052493,3.806800365447998,-29.0,-49.75,1018.480560331995,1524,0,0.0,,,,,1524,0,0.0,,,,,1564,0,0.0,,,,,1564,0,0.0,,,,,1564,0,0.0,,,,,1564,0,0.0,,,,,1564,0,0.0,,,,,1564,0,0.0,,,,,1604,0,0.0,,,,,1604,0,0.0,,,,,1604,0,0.0,,,,,1604,0,0.0,,,,,1604,0,0.0,,,,,1604,0,0.0,,,,,1565,0,0.0,,,,,1565,0,0.0,,,,,1565,0,0.0,,,,,1565,0,0.0,,,,,1565,0,0.0,,,,,1565,0,0.0,,,,,1565,0,0.0,,,,,1565,0,0.0,,,,,1565,0,0.0,,,,,1565,0,0.0,,,,,1565,0,0.0,,,,,1565,0,0.0,,,,,1633,0,0.0,,,,,1633,0,0.0,,,,,1633,0,0.0,,,,,1633,0,0.0,,,,,1633,0,0.0,,,,,1633,0,0.0,,,,,1561,0,0.0,,,,,1561,0,0.0,,,,,1561,0,0.0,,,,,1561,0,0.0,,,,,1561,0,0.0,,,,,1561,0,0.0,,,,,1498,0,0.0,,,,,1498,0,0.0,,,,,1498,0,0.0,,,,,1498,2,0.13351134846461948,3.806800365447998,-29.0,-49.75,1018.480560331995,1498,0,0.0,,,,,1498,0,0.0,,,,
2012-04-01 00:00,-38.5,-46.0,126.04116106190065,1536,0,0.0,,,,,1536,0,0.0,,,,,1536,0,0.0,,,,,1536,4,0.26041666666666663,5.123187065124512,-30.25,-52.5,1093.5299559256343,1536,0,0.0,,,,,1536,0,0.0,,,,,1576,0,0.0,,,,,1576,0,0.0,,,,,1576,0,0.0,,,,,1576,0,0.0,,,,,1576,0,0.0,,,,,1576,0,0.0,,,,,1617,0,0.0,,,,,1617,0,0.0,,,,,1617,0,0.0,,,,,1617,0,0.0,,,,,1617,0,0.0,,,,,1617,0,0.0,,,,,1578,0,0.0,,,,,1578,0,0.0,,,,,1578,0,0.0,,,,,1578,0,0.0,,,,,1578,0,0.0,,,,,1578,0,0.0,,,,,1563,0,0.0,,,,,1563,0,0.0,,,,,1563,0,0.0,,,,,1563,0,0.0,,,,,1563,0,0.0,,,,,1563,0,0.0,,,,,1648,0,0.0,,,,,1648,0,0.0,,,,,1648,0,0.0,,,,,1648,0,0.0,,,,,1648,0,0.0,,,,,1648,0,0.0,,,,,1584,0,0.0,,,,,1584,0,0.0,,,,,1584,0,0.0,,,,,1584,0,0.0,,,,,1584,0,0.0,,,,,1584,0,0.0,,,,,1512,0,0.0,,,,,1512,0,0.0,,,,,1512,0,0.0,,,,,1512,4,0.26455026455026454,5.123187065124512,-30.25,-52.5,1093.5299559256343,1512,0,0.0,,,,,1512,0,0.0,,,,
2012-04-01 06:00,-38.75,-44.75,84.39604076262691,1539,0,0.0,,,,,1539,0,0.0,,,,,1539,0,0.0,,,,,1539,0,0.0,,,,,1539,0,0.0,,,,,1539,0,0.0,,,,,1579,0,0.0,,,,,1579,0,0.0,,,,,1579,0,0.0,,,,,1579,0,0.0,,,,,1579,0,0.0,,,,,1579,0,0.0,,,,,1624,0,0.0,,,,,1624,0,0.0,,,,,1624,0,0.0,,,,,1624,83,5.110837438423645,15.442687034606934,-48.0,-44.75,1028.5530714621684,1624,0,0.0,,,,,1624,0,0.0,,,,,1585,0,0.0,,,,,1585,0,0.0,,,,,1585,0,0.0,,,,,1585,127,8.012618296529968,15.43838119506836,-48.0,-45.0,1028.7499420111858,1585,0,0.0,,,,,1585,0,0.0,,,,,1530,0,0.0,,,,,1530,0,0.0,,,,,1530,0,0.0,,,,,1530,0,0.0,,,,,1530,0,0.0,,,,,1530,0,0.0,,,,,1625,0,0.0,,,,,1625,0,0.0,,,,,1625,0,0.0,,,,,1625,34,2.0923076923076924,15.147944450378418,-48.0,-43.5,1033.463495741042,1625,0,0.0,,,,,1625,0,0.0,,,,,1636,0,0.0,,,,,1636,0,0.0,,,,,1636,0,0.0,,,,,1636,176,10.757946210268948,15.442687034606934,-48.0,-44.75,1028.5530714621684,1636,0,0.0,,,,,1636,0,0.0,,,,,1536,0,0.0,,,,,1536,0,0.0,,,,,1536,0,0.0,,,,,1536,0,0.0,,,,,1536,0,0.0,,,,,1536,0,0.0,,,,
2012-04-01 12:00,-38.25,-42.75,90.0,1533,0,0.0,,,,,1533,0,0.0,,,,,1533,0,0.0,,,,,1533,0,0.0,,,,,1533,0,0.0,,,,,1533,0,0.0,,,,,1573,0,0.0,,,,,1573,0,0.0,,,,,1573,0,0.0,,,,,1573,152,9.663064208518755,15.068517684936523,-31.25,-35.25,1036.2114344831848,1573,29,1.8436109345200253,15.068517684936523,-31.25,-35.25,1036.2114344831848,1573,0,0.0,,,,,1611,26,1.6139044072004967,15.918574333190918,-47.5,-38.0,1098.4237418593996,1611,0,0.0,,,,,1611,0,0.0,,,,,1611,165,10.242085661080075,15.918574333190918,-47.5,-38.0,1098.4237418593996,1611,0,0.0,,,,,1611,0,0.0,,,,,1572,0,0.0,,,,,1572,0,0.0,,,,,1572,0,0.0,,,,,1572,0,0.0,,,,,1572,0,0.0,,,,,1572,0,0.0,,,,,1522,0,0.0,,,,,1522,0,0.0,,,,,1522,0,0.0,,,,,1522,152,9.986859395532194,15.068517684936523,-31.25,-35.25,1036.2114344831848,1522,29,1.9053876478318004,15.068517684936523,-31.25,-35.25,1036.2114344831848,1522,0,0.0,,,,,1662,26,1.5643802647412757,15.918574333190918,-47.5,-38.0,1098.4237418593996,1662,0,0.0,,,,,1662,0,0.0,,,,,1662,165,9.927797833935017,15.918574333190918,-47.5,-38.0,1098.4237418593996,1662,0,0.0,,,,,1662,0,0.0,,,,,1622,0,0.0,,,,,1622,0,0.0,,,,,1622,0,0.0,,,,,1622,0,0.0,,,,,1622,0,0.0,,,,,1622,0,0.0,,,,,1483,0,0.0,,,,,1483,0,0.0,,,,,1483,0,0.0,,,,,1483,0,0.0,,,,,1483,0,0.0,,,,,1483,0,0.0,,,,
2012-04-01 18:00,-38.75,-40.75,103.07913247504206,1539,0,0.0,,,,,1539,0,0.0,,,,,1539,0,0.0,,,,,1539,1,0.0649772579597141,11.037527084350586,-29.5,-41.25,1029.5769572878557,1539,0,0.0,,,,,1539,0,0.0,,,,,1579,5,0.31665611146295125,15.9042329788208,-33.0,-36.75,733.7490163774031,1579,0,0.0,,,,,1579,0,0.0,,,,,1579,236,14.946168461051299,15.9042329788208,-33.0,-36.75,733.7490163774031,1579,85,5.383153894870171,15.9042329788208,-33.0,-36.75,733.7490163774031,1579,4,0.253324889170361,15.9042329788208,-33.0,-36.75,733.7490163774031,1624,51,3.140394088669951,17.658681869506836,-48.0,-36.0,1097.312545593282,1624,0,0.0,,,,,1624,0,0.0,,,,,1624,153,9.421182266009852,17.658681869506836,-48.0,-36.0,1097.312545593282,1624,35,2.1551724137931036,17.658681869506836,-48.0,-36.0,1097.312545593282,1624,0,0.0,,,,,1585,0,0.0,,,,,1585,0,0.0,,,,,1585,0,0.0,,,,,1585,0,0.0,,,,,1585,0,0.0,,,,,1585,0,0.0,,,,,1541,5,0.32446463335496434,15.9042329788208,-33.0,-36.75,733.7490163774031,1541,0,0.0,,,,,1541,0,0.0,,,,,1541,199,12.91369240752758,15.9042329788208,-33.0,-36.75,733.7490163774031,1541,77,4.99675535366645,15.9042329788208,-33.0,-36.75,733.7490163774031,1541,4,0.25957170668397145,15.9042329788208,-33.0,-36.75,733.7490163774031,1644,51,3.102189781021898,17.658681869506836,-48.0,-36.0,1097.312545593282,1644,0,0.0,,,,,1644,0,0.0,,,,,1644,153,9.306569343065693,17.658681869506836,-48.0,-36.0,1097.312545593282,1644,35,2.1289537712895377,17.658681869506836,-48.0,-36.0,1097.312545593282,1644,0,0.0,,,,,1616,0,0.0,,,,,1616,0,0.0,,,,,1616,0,0.0,,,,,1616,0,0.0,,,,,1616,0,0.0,,,,,1616,0,0.0,,,,,1526,0,0.0,,,,,1526,0,0.0,,,,,1526,0,0.0,,,,,1526,38,2.490170380078637,13.71682357788086,-32.75,-39.25,680.7316423877716,1526,8,0.5242463958060288,13.71682357788086,-32.75,-39.25,680.7316423877716,1526,0,0.0,,,,
2012-04-02 00:00,-38.75,-40.0,270.0,1539,0,0.0,,,,,1539,0,0.0,,,,,1539,0,0.0,,,,,1539,19,1.2345679012345678,13.01645278930664,-32.5,-40.25,695.3346121762073,1539,0,0.0,,,,,1539,0,0.0,,,,,1579,12,0.7599746675110829,16.2882137298584,-34.5,-38.0,505.11950905976084,1579,0,0.0,,,,,1579,0,0.0,,,,,1579,303,19.189360354654845,16.2882137298584,-34.5,-38.0,505.11950905976084,1579,69,4.369854338188727,16.2882137298584,-34.5,-38.0,505.11950905976084,1579,10,0.6333122229259025,16.2882137298584,-34.5,-38.0,505.11950905976084,1624,0,0.0,,,,,1624,0,0.0,,,,,1624,0,0.0,,,,,1624,11,0.6773399014778325,15.535728454589844,-47.0,-32.75,1090.0440543847094,1624,0,0.0,,,,,1624,0,0.0,,,,,1585,0,0.0,,,,,1585,0,0.0,,,,,1585,0,0.0,,,,,1585,0,0.0,,,,,1585,0,0.0,,,,,1585,0,0.0,,,,,1624,0,0.0,,,,,1624,0,0.0,,,,,1624,0,0.0,,,,,1624,0,0.0,,,,,1624,0,0.0,,,,,1624,0,0.0,,,,,1579,0,0.0,,,,,1579,0,0.0,,,,,1579,0,0.0,,,,,1579,36,2.279924002533249,13.967249870300293,-32.75,-40.0,667.1695598673524,1579,7,0.44331855604813175,13.967249870300293,-32.75,-40.0,667.1695598673524,1579,0,0.0,,,,,1539,12,0.7797270955165692,16.2882137298584,-34.5,-38.0,505.11950905976084,1539,0,0.0,,,,,1539,0,0.0,,,,,1539,286,18.58349577647823,16.2882137298584,-34.5,-38.0,505.11950905976084,1539,62,4.028589993502274,16.2882137298584,-34.5,-38.0,505.11950905976084,1539,10,0.649772579597141,16.2882137298584,-34.5,-38.0,505.11950905976084,1585,0,0.0,,,,,1585,0,0.0,,,,,1585,0,0.0,,,,,1585,11,0.694006309148265,15.535728454589844,-47.0,-32.75,1090.0440543847094,1585,0,0.0,,,,,1585,0,0.0,,,,
2012-04-02 06:00,-38.75,-41.25,158.9027725555302,1539,0,0.0,,,,,1539,0,0.0,,,,,1539,0,0.0,,,,,1539,0,0.0,,,,,1539,0,0.0,,,,,1539,0,0.0,,,,,1579,13,0.8233058898036731,16.336952209472656,-32.0,-40.0,759.0492303552538,1579,0,0.0,,,,,1579,0,0.0,,,,,1579,281,17.79607346421786,16.336952209472656,-32.0,-40.0,759.0492303552538,1579,128,8.106396453451552,16.336952209472656,-32.0,-40.0,759.0492303552538,1579,20,1.266624445851805,16.336952209472656,-32.0,-40.0,759.0492303552538,1624,0,0.0,,,,,1624,0,0.0,,,,,1624,0,0.0,,,,,1624,0,0.0,,,,,1624,0,0.0,,,,,1624,0,0.0,,,,,1585,3,0.1892744479495268,15.792916297912598,-46.0,-49.5,1051.9827549707409,1585,0,0.0,,,,,1585,0,0.0,,,,,1585,112,7.066246056782334,15.792916297912598,-46.0,-49.5,1051.9827549707409,1585,15,0.9463722397476341,15.792916297912598,-46.0,-49.5,1051.9827549707409,1585,0,0.0,,,,,1606,0,0.0,,,,,1606,0,0.0,,,,,1606,0,0.0,,,,,1606,0,0.0,,,,,1606,0,0.0,,,,,1606,0,0.0,,,,,1649,3,0.18192844147968465,15.792916297912598,-46.0,-49.5,1051.9827549707409,1649,0,0.0,,,,,1649,0,0.0,,,,,1649,112,6.791995148574894,15.792916297912598,-46.0,-49.5,1051.9827549707409,1649,15,0.9096422073984234,15.792916297912598,-46.0,-49.5,1051.9827549707409,1649,0,0.0,,,,,1552,0,0.0,,,,,1552,0,0.0,,,,,1552,0,0.0,,,,,1552,0,0.0,,,,,1552,0,0.0,,,,,1552,0,0.0,,,,,1520,13,0.855263157894737,16.336952209472656,-32.0,-40.0,759.0492303552538,1520,0,0.0,,,,,1520,0,0.0,,,,,1520,281,18.486842105263158,16.336952209472656,-32.0,-40.0,759.0492303552538,1520,128,8.421052631578947,16.336952209472656,-32.0,-40.0,759.0492303552538,1520,20,1.3157894736842104,16.336952209472656,-32.0,-40.0,759.0492303552538
2012-04-02 12:00,-40.25,-39.25,90.0,1574,0,0.0,,,,,1574,0,0.0,,,,,1574,0,0.0,,,,,1574,40,2.5412960609911055,14.753680229187012,-31.75,-39.75,946.2214618203885,1574,14,0.8894536213468869,14.753680229187012,-31.75,-39.75,946.2214618203885,1574,0,0.0,,,,,1614,11,0.6815365551425031,16.35740089416504,-32.5,-37.25,880.0928510147143,1614,0,0.0,,,,,1614,0,0.0,,,,,1614,161,9.975216852540273,16.35740089416504,-32.5,-37.25,880.0928510147143,1614,114,7.063197026022305,16.35740089416504,-32.5,-37.25,880.0928510147143,1614,14,0.8674101610904585,16.35740089416504,-32.5,-37.25,880.0928510147143,1662,0,0.0,,,,,1662,0,0.0,,,,,1662,0,0.0,,,,,1662,1,0.060168471720818295,14.678675651550293,-46.75,-39.25,722.7670231896318,1662,0,0.0,,,,,1662,0,0.0,,,,,1623,177,10.905730129390019,22.282869338989258,-47.75,-47.75,1074.6269167520877,1623,8,0.49291435613062234,22.282869338989258,-47.75,-47.75,1074.6269167520877,1623,0,0.0,,,,,1623,525,32.34750462107209,22.282869338989258,-47.75,-47.75,1074.6269167520877,1623,222,13.67837338262477,22.282869338989258,-47.75,-47.75,1074.6269167520877,1623,34,2.094886013555145,22.282869338989258,-47.75,-47.75,1074.6269167520877,1562,11,0.7042253521126761,16.35740089416504,-32.5,-37.25,880.0928510147143,1562,0,0.0,,,,,1562,0,0.0,,,,,1562,161,10.30729833546735,16.35740089416504,-32.5,-37.25,880.0928510147143,1562,114,7.298335467349553,16.35740089416504,-32.5,-37.25,880.0928510147143,1562,14,0.8962868117797695,16.35740089416504,-32.5,-37.25,880.0928510147143,1714,0,0.0,,,,,1714,0,0.0,,,,,1714,0,0.0,,,,,1714,1,0.05834305717619603,14.678675651550293,-46.75,-39.25,722.7670231896318,1714,0,0.0,,,,,1714,0,0.0,,,,,1674,177,10.57347670250896,22.282869338989258,-47.75,-47.75,1074.6269167520877,1674,8,0.4778972520908005,22.282869338989258,-47.75,-47.75,1074.6269167520877,1674,0,0.0,,,,,1674,525,31.36200716845878,22.282869338989258,-47.75,-47.75,1074.6269167520877,1674,222,13.261648745519713,22.282869338989258,-47.75,-47.75,1074.6269167520877,1674,34,2.031063321385902,22.282869338989258,-47.75,-47.75,1074.6269167520877,1523,0,0.0,,,,,1523,0,0.0,,,,,1523,0,0.0,,,,,1523,40,2.6263952724885096,14.753680229187012,-31.75,-39.75,946.2214618203885,1523,14,0.9192383453709784,14.753680229187012,-31.75,-39.75,946.2214618203885,1523,0,0.0,,,,
2012-04-02 18:00,-38.75,-41.25,322.14757889532547,1539,0,0.0,,,,,1539,0,0.0,,,,,1539,0,0.0,,,,,1539,0,0.0,,,,,1539,0,0.0,,,,,1539,0,0.0,,,,,1579,0,0.0,,,,,1579,0,0.0,,,,,1579,0,0.0,,,,,1579,350,22.16592780240659,15.351052284240723,-32.5,-35.25,881.047470211801,1579,165,10.449651678277391,15.351052284240723,-32.5,-35.25,881.047470211801,1579,0,0.0,,,,,1624,70,4.310344827586207,17.57139015197754,-48.5,-41.25,1084.1505347844477,1624,0,0.0,,,,,1624,0,0.0,,,,,1624,148,9.113300492610838,17.57139015197754,-48.5,-41.25,1084.1505347844477,1624,54,3.32512315270936,17.57139015197754,-48.5,-41.25,1084.1505347844477,1624,0,0.0,,,,,1585,151,9.526813880126182,23.67447280883789,-48.5,-43.5,1099.0376292064557,1585,25,1.5772870662460567,23.67447280883789,-48.5,-43.5,1099.0376292064557,1585,0,0.0,,,,,1585,307,19.369085173501578,23.67447280883789,-48.5,-43.5,1099.0376292064557,1585,174,10.977917981072554,23.67447280883789,-48.5,-43.5,1099.0376292064557,1585,43,2.7129337539432177,23.67447280883789,-48.5,-43.5,1099.0376292064557,1575,0,0.0,,,,,1575,0,0.0,,,,,1575,0,0.0,,,,,1575,37,2.3492063492063493,15.193155288696289,-44.25,-50.75,998.8569347654671,1575,1,0.06349206349206349,15.193155288696289,-44.25,-50.75,998.8569347654671,1575,0,0.0,,,,,1513,0,0.0,,,,,1513,0,0.0,,,,,1513,0,0.0,,,,,1513,350,23.132848645076006,15.351052284240723,-32.5,-35.25,881.047470211801,1513,165,10.905485789821547,15.351052284240723,-32.5,-35.25,881.047470211801,1513,0,0.0,,,,,1585,0,0.0,,,,,1585,0,0.0,,,,,1585,0,0.0,,,,,1585,0,0.0,,,,,1585,0,0.0,,,,,1585,0,0.0,,,,,1654,221,13.361547762998791,23.67447280883789,-48.5,-43.5,1099.0376292064557,1654,25,1.5114873035066507,23.67447280883789,-48.5,-43.5,1099.0376292064557,1654,0,0.0,,,,,1654,418,25.2720677146312,23.67447280883789,-48.5,-43.5,1099.0376292064557,1654,227,13.724304715840388,23.67447280883789,-48.5,-43.5,1099.0376292064557,1654,43,2.599758162031439,23.67447280883789,-48.5,-43.5,1099.0376292064557
2012-04-03 00:00,-37.75,-41.75,4.1320745383412145,1524,0,0.0,,,,,1524,0,0.0,,,,,1524,0,0.0,,,,,1524,0,0.0,,,,,1524,0,0.0,,,,,1524,0,0.0,,,,,1564,0,0.0,,,,,1564,0,0.0,,,,,1564,0,0.0,,,,,1564,307,19.62915601023018,14.975841522216797,-34.0,-34.75,755.730839236311,1564,118,7.544757033248081,14.975841522216797,-34.0,-34.75,755.730839236311,1564,0,0.0,,,,,1604,36,2.2443890274314215,17.21146011352539,-47.5,-41.0,1085.8708696894716,1604,0,0.0,,,,,1604,0,0.0,,,,,1604,72,4.488778054862843,17.21146011352539,-47.5,-41.0,1085.8708696894716,1604,30,1.8703241895261846,17.21146011352539,-47.5,-41.0,1085.8708696894716,1604,0,0.0,,,,,1565,46,2.939297124600639,17.275774002075195,-47.5,-43.5,1093.483784754291,1565,0,0.0,,,,,1565,0,0.0,,,,,1565,134,8.562300319488818,17.275774002075195,-47.5,-43.5,1093.483784754291,1565,43,2.747603833865815,17.275774002075195,-47.5,-43.5,1093.483784754291,1565,0,0.0,,,,,1516,0,0.0,,,,,1516,0,0.0,,,,,1516,0,0.0,,,,,1516,0,0.0,,,,,1516,0,0.0,,,,,1516,0,0.0,,,,,1523,0,0.0,,,,,1523,0,0.0,,,,,1523,0,0.0,,,,,1523,307,20.15758371634931,14.975841522216797,-34.0,-34.75,755.730839236311,1523,118,7.747866053841103,14.975841522216797,-34.0,-34.75,755.730839236311,1523,0,0.0,,,,,1611,48,2.97951582867784,17.21146011352539,-47.5,-41.0,1085.8708696894716,1611,0,0.0,,,,,1611,0,0.0,,,,,1611,93,5.772811918063315,17.21146011352539,-47.5,-41.0,1085.8708696894716,1611,42,2.60707635009311,17.21146011352539,-47.5,-41.0,1085.8708696894716,1611,0,0.0,,,,,1607,34,2.115743621655258,17.275774002075195,-47.5,-43.5,1093.483784754291,1607,0,0.0,,,,,1607,0,0.0,,,,,1607,113,7.031736154324829,17.275774002075195,-47.5,-43.5,1093.483784754291,1607,31,1.9290603609209707,17.275774002075195,-47.5,-43.5,1093.483784754291,1607,0,0.0,,,,
2012-04-03 06:00,-36.0,-41.0,255.78204463806333,1487,0,0.0,,,,,1487,0,0.0,,,,,1487,0,0.0,,,,,1487,0,0.0,,,,,1487,0,0.0,,,,,1487,0,0.0,,,,,1527,21,1.37524557956778,16.266868591308594,-35.75,-31.75,833.5845213126175,1527,0,0.0,,,,,1527,0,0.0,,,,,1527,335,21.938441388343158,16.266868591308594,-35.75,-31.75,833.5845213126175,1527,141,9.233791748526523,16.266868591308594,-35.75,-31.75,833.5845213126175,1527,0,0.0,,,,,1561,9,0.5765534913516976,16.27658462524414,-36.25,-32.0,808.5291083653402,1561,0,0.0,,,,,1561,0,0.0,,,,,1561,73,4.6764894298526585,16.27658462524414,-36.25,-32.0,808.5291083653402,1561,20,1.2812299807815504,16.27658462524414,-36.25,-32.0,808.5291083653402,1561,0,0.0,,,,,1522,0,0.0,,,,,1522,0,0.0,,,,,1522,0,0.0,,,,,1522,0,0.0,,,,,1522,0,0.0,,,,,1522,0,0.0,,,,,1571,0,0.0,,,,,1571,0,0.0,,,,,1571,0,0.0,,,,,1571,0,0.0,,,,,1571,0,0.0,,,,,1571,0,0.0,,,,,1498,0,0.0,,,,,1498,0,0.0,,,,,1498,0,0.0,,,,,1498,0,0.0,,,,,1498,0,0.0,,,,,1498,0,0.0,,,,,1472,0,0.0,,,,,1472,0,0.0,,,,,1472,0,0.0,,,,,1472,170,11.548913043478262,14.578714370727539,-34.25,-32.75,774.8508142953599,1472,50,3.3967391304347823,14.578714370727539,-34.25,-32.75,774.8508142953599,1472,0,0.0,,,,,1556,30,1.9280205655526992,16.27658462524414,-36.25,-32.0,808.5291083653402,1556,0,0.0,,,,,1556,0,0.0,,,,,1556,238,15.295629820051415,16.27658462524414,-36.25,-32.0,808.5291083653402,1556,111,7.133676092544987,16.27658462524414,-36.25,-32.0,808.5291083653402,1556,0,0.0,,,,
2012-04-03 12:00,-38.0,-43.0,218.238490042659,1527,0,0.0,,,,,1527,0,0.0,,,,,1527,0,0.0,,,,,1527,0,0.0,,,,,1527,0,0.0,,,,,1527,0,0.0,,,,,1567,0,0.0,,,,,1567,0,0.0,,,,,1567,0,0.0,,,,,1567,24,1.5315890236119976,14.421767234802246,-36.5,-30.75,1096.1846594350945,1567,0,0.0,,,,,1567,0,0.0,,,,,1608,2,0.12437810945273632,15.679071426391602,-46.75,-36.75,1099.2347148427477,1608,0,0.0,,,,,1608,0,0.0,,,,,1608,59,3.6691542288557213,15.679071426391602,-46.75,-36.75,1099.2347148427477,1608,0,0.0,,,,,1608,0,0.0,,,,,1569,0,0.0,,,,,1569,0,0.0,,,,,1569,0,0.0,,,,,1569,0,0.0,,,,,1569,0,0.0,,,,,1569,0,0.0,,,,,1640,2,0.12195121951219512,15.679071426391602,-46.75,-36.75,1099.2347148427477,1640,0,0.0,,,,,1640,0,0.0,,,,,1640,59,3.5975609756097557,15.679071426391602,-46.75,-36.75,1099.2347148427477,1640,0,0.0,,,,,1640,0,0.0,,,,,1568,0,0.0,,,,,1568,0,0.0,,,,,1568,0,0.0,,,,,1568,0,0.0,,,,,1568,0,0.0,,,,,1568,0,0.0,,,,,1502,0,0.0,,,,,1502,0,0.0,,,,,1502,0,0.0,,,,,1502,0,0.0,,,,,1502,0,0.0,,,,,1502,0,0.0,,,,,1561,0,0.0,,,,,1561,0,0.0,,,,,1561,0,0.0,,,,,1561,24,1.5374759769378605,14.421767234802246,-36.5,-30.75,1096.1846594350945,1561,0,0.0,,,,,1561,0,0.0,,,,
2012-04-03 18:00,-40.0,-45.0,199.35986303378388,1570,0,0.0,,,,,1570,0,0.0,,,,,1570,0,0.0,,,,,1570,0,0.0,,,,,1570,0,0.0,,,,,1570,0,0.0,,,,,1610,0,0.0,,,,,1610,0,0.0,,,,,1610,0,0.0,,,,,1610,0,0.0,,,,,1610,0,0.0,,,,,1610,0,0.0,,,,,1655,0,0.0,,,,,1655,0,0.0,,,,,1655,0,0.0,,,,,1655,5,0.3021148036253776,15.039405822753906,-47.0,-35.5,1090.7096527918725,1655,0,0.0,,,,,1655,0,0.0,,,,,1616,0,0.0,,,,,1616,0,0.0,,,,,1616,0,0.0,,,,,1616,86,5.321782178217822,15.499930381774902,-46.75,-53.5,1016.3238150485519,1616,8,0.49504950495049505,15.499930381774902,-46.75,-53.5,1016.3238150485519,1616,0,0.0,,,,,1681,0,0.0,,,,,1681,0,0.0,,,,,1681,0,0.0,,,,,1681,5,0.297441998810232,15.039405822753906,-47.0,-35.5,1090.7096527918725,1681,0,0.0,,,,,1681,0,0.0,,,,,1637,0,0.0,,,,,1637,0,0.0,,,,,1637,0,0.0,,,,,1637,86,5.253512522907758,15.499930381774902,-46.75,-53.5,1016.3238150485519,1637,8,0.4886988393402566,15.499930381774902,-46.75,-53.5,1016.3238150485519,1637,0,0.0,,,,,1551,0,0.0,,,,,1551,0,0.0,,,,,1551,0,0.0,,,,,1551,0,0.0,,,,,1551,0,0.0,,,,,1551,0,0.0,,,,,1582,0,0.0,,,,,1582,0,0.0,,,,,1582,0,0.0,,,,,1582,0,0.0,,,,,1582,0,0.0,,,,,1582,0,0.0,,,,
2012-04-04 00:00,-40.75,-44.25,137.6732202238165,1585,0,0.0,,,,,1585,0,0.0,,,,,1585,0,0.0,,,,,1585,0,0.0,,,,,1585,0,0.0,,,,,1585,0,0.0,,,,,1625,0,0.0,,,,,1625,0,0.0,,,,,1625,0,0.0,,,,,1625,0,0.0,,,,,1625,0,0.0,,,,,1625,0,0.0,,,,,1676,0,0.0,,,,,1676,0,0.0,,,,,1676,0,0.0,,,,,1676,0,0.0,,,,,1676,0,0.0,,,,,1676,0,0.0,,,,,1637,0,0.0,,,,,1637,0,0.0,,,,,1637,0,0.0,,,,,1637,0,0.0,,,,,1637,0,0.0,,,,,1637,0,0.0,,,,,1633,0,0.0,,,,,1633,0,0.0,,,,,1633,0,0.0,,,,,1633,0,0.0,,,,,1633,0,0.0,,,,,1633,0,0.0,,,,,1705,0,0.0,,,,,1705,0,0.0,,,,,1705,0,0.0,,,,,1705,0,0.0,,,,,1705,0,0.0,,,,,1705,0,0.0,,,,,1627,0,0.0,,,,,1627,0,0.0,,,,,1627,0,0.0,,,,,1627,0,0.0,,,,,1627,0,0.0,,,,,1627,0,0.0,,,,,1558,0,0.0,,,,,1558,0,0.0,,,,,1558,0,0.0,,,,,1558,0,0.0,,,,,1558,0,0.0,,,,,1558,0,0.0,,,,
2012-04-04 06:00,-41.25,-43.5,70.30294301918923,1599,0,0.0,,,,,1599,0,0.0,,,,,1599,0,0.0,,,,,1599,0,0.0,,,,,1599,0,0.0,,,,,1599,0,0.0,,,,,1639,0,0.0,,,,,1639,0,0.0,,,,,1639,0,0.0,,,,,1639,0,0.0,,,,,1639,0,0.0,,,,,1639,0,0.0,,,,,1688,0,0.0,,,,,1688,0,0.0,,,,,1688,0,0.0,,,,,1688,0,0.0,,,,,1688,0,0.0,,,,,1688,0,0.0,,,,,1649,0,0.0,,,,,1649,0,0.0,,,,,1649,0,0.0,,,,,1649,0,0.0,,,,,1649,0,0.0,,,,,1649,0,0.0,,,,,1578,0,0.0,,,,,1578,0,0.0,,,,,1578,0,0.0,,,,,1578,0,0.0,,,,,1578,0,0.0,,,,,1578,0,0.0,,,,,1677,0,0.0,,,,,1677,0,0.0,,,,,1677,0,0.0,,,,,1677,0,0.0,,,,,1677,0,0.0,,,,,1677,0,0.0,,,,,1708,0,0.0,,,,,1708,0,0.0,,,,,1708,0,0.0,,,,,1708,0,0.0,,,,,1708,0,0.0,,,,,1708,0,0.0,,,,,1612,0,0.0,,,,,1612,0,0.0,,,,,1612,0,0.0,,,,,1612,0,0.0,,,,,1612,0,0.0,,,,,1612,0,0.0,,,,
2012-04-04 12:00,-40.0,-41.5,67.62142534107772,1570,0,0.0,,,,,1570,0,0.0,,,,,1570,0,0.0,,,,,1570,0,0.0,,,,,1570,0,0.0,,,,,1570,0,0.0,,,,,1610,0,0.0,,,,,1610,0,0.0,,,,,1610,0,0.0,,,,,1610,0,0.0,,,,,1610,0,0.0,,,,,1610,0,0.0,,,,,1655,0,0.0,,,,,1655,0,0.0,,,,,1655,0,0.0,,,,,1655,0,0.0,,,,,1655,0,0.0,,,,,1655,0,0.0,,,,,1616,0,0.0,,,,,1616,0,0.0,,,,,1616,0,0.0,,,,,1616,35,2.1658415841584158,15.030475616455078,-42.5,-53.75,1060.0879981481164,1616,5,0.3094059405940594,15.030475616455078,-42.5,-53.75,1060.0879981481164,1616,0,0.0,,,,,1551,0,0.0,,,,,1551,0,0.0,,,,,1551,0,0.0,,,,,1551,0,0.0,,,,,1551,0,0.0,,,,,1551,0,0.0,,,,,1636,0,0.0,,,,,1636,0,0.0,,,,,1636,0,0.0,,,,,1636,0,0.0,,,,,1636,0,0.0,,,,,1636,0,0.0,,,,,1680,0,0.0,,,,,1680,0,0.0,,,,,1680,0,0.0,,,,,1680,0,0.0,,,,,1680,0,0.0,,,,,1680,0,0.0,,,,,1584,0,0.0,,,,,1584,0,0.0,,,,,1584,0,0.0,,,,,1584,35,2.20959595959596,15.030475616455078,-42.5,-53.75,1060.0879981481164,1584,5,0.31565656565656564,15.030475616455078,-42.5,-53.75,1060.0879981481164,1584,0,0.0,,,,
2012-04-04 18:00,-40.0,-39.5,99.30116169730655,1570,0,0.0,,,,,1570,0,0.0,,,,,1570,0,0.0,,,,,1570,0,0.0,,,,,1570,0,0.0,,,,,1570,0,0.0,,,,,1610,0,0.0,,,,,1610,0,0.0,,,,,1610,0,0.0,,,,,1610,0,0.0,,,,,1610,0,0.0,,,,,1610,0,0.0,,,,,1655,0,0.0,,,,,1655,0,0.0,,,,,1655,0,0.0,,,,,1655,0,0.0,,,,,1655,0,0.0,,,,,1655,0,0.0,,,,,1616,0,0.0,,,,,1616,0,0.0,,,,,1616,0,0.0,,,,,1616,307,18.997524752475247,15.365655899047852,-47.75,-48.0,1097.1532852214807,1616,0,0.0,,,,,1616,0,0.0,,,,,1569,0,0.0,,,,,1569,0,0.0,,,,,1569,0,0.0,,,,,1569,0,0.0,,,,,1569,0,0.0,,,,,1569,0,0.0,,,,,1674,0,0.0,,,,,1674,0,0.0,,,,,1674,0,0.0,,,,,1674,0,0.0,,,,,1674,0,0.0,,,,,1674,0,0.0,,,,,1652,0,0.0,,,,,1652,0,0.0,,,,,1652,0,0.0,,,,,1652,307,18.583535108958838,15.365655899047852,-47.75,-48.0,1097.1532852214807,1652,0,0.0,,,,,1652,0,0.0,,,,,1556,0,0.0,,,,,1556,0,0.0,,,,,1556,0,0.0,,,,,1556,0,0.0,,,,,1556,0,0.0,,,,,1556,0,0.0,,,,
2012-04-05 00:00,-40.5,-37.5,103.82686561535945,1579,0,0.0,,,,,1579,0,0.0,,,,,1579,0,0.0,,,,,1579,0,0.0,,,,,1579,0,0.0,,,,,1579,0,0.0,,,,,1619,0,0.0,,,,,1619,0,0.0,,,,,1619,0,0.0,,,,,1619,0,0.0,,,,,1619,0,0.0,,,,,1619,0,0.0,,,,,1671,0,0.0,,,,,1671,0,0.0,,,,,1671,0,0.0,,,,,1671,0,0.0,,,,,1671,0,0.0,,,,,1671,0,0.0,,,,,1632,64,3.9215686274509802,16.128936767578125,-48.75,-44.0,1050.8212455795754,1632,0,0.0,,,,,1632,0,0.0,,,,,1632,401,24.57107843137255,16.128936767578125,-48.75,-44.0,1050.8212455795754,1632,51,3.125,16.128936767578125,-48.75,-44.0,1050.8212455795754,1632,0,0.0,,,,,1588,0,0.0,,,,,1588,0,0.0,,,,,1588,0,0.0,,,,,1588,0,0.0,,,,,1588,0,0.0,,,,,1588,0,0.0,,,,,1686,0,0.0,,,,,1686,0,0.0,,,,,1686,0,0.0,,,,,1686,0,0.0,,,,,1686,0,0.0,,,,,1686,0,0.0,,,,,1664,64,3.8461538461538463,16.128936767578125,-48.75,-44.0,1050.8212455795754,1664,0,0.0,,,,,1664,0,0.0,,,,,1664,401,24.098557692307693,16.128936767578125,-48.75,-44.0,1050.8212455795754,1664,51,3.064903846153846,16.128936767578125,-48.75,-44.0,1050.8212455795754,1664,0,0.0,,,,,1563,0,0.0,,,,,1563,0,0.0,,,,,1563,0,0.0,,,,,1563,0,0.0,,,,,1563,0,0.0,,,,,1563,0,0.0,,,,
2012-04-05 06:00,-40.75,-35.5,67.84407668344136,1585,0,0.0,,,,,1585,0,0.0,,,,,1585,0,0.0,,,,,1585,9,0.5678233438485805,13.7208251953125,-40.0,-48.0,1061.2573309907345,1585,0,0.0,,,,,1585,0,0.0,,,,,1625,0,0.0,,,,,1625,0,0.0,,,,,1625,0,0.0,,,,,1625,0,0.0,,,,,1625,0,0.0,,,,,1625,0,0.0,,,,,1676,0,0.0,,,,,1676,0,0.0,,,,,1676,0,0.0,,,,,1676,0,0.0,,,,,1676,0,0.0,,,,,1676,0,0.0,,,,,1637,3,0.1832620647525962,15.635440826416016,-48.0,-41.25,926.0614126333962,1637,0,0.0,,,,,1637,0,0.0,,,,,1637,400,24.434941967012826,15.635440826416016,-48.0,-41.25,926.0614126333962,1637,0,0.0,,,,,1637,0,0.0,,,,,1563,0,0.0,,,,,1563,0,0.0,,,,,1563,0,0.0,,,,,1563,0,0.0,,,,,1563,0,0.0,,,,,1563,0,0.0,,,,,1659,0,0.0,,,,,1659,0,0.0,,,,,1659,0,0.0,,,,,1659,0,0.0,,,,,1659,0,0.0,,,,,1659,0,0.0,,,,,1698,3,0.17667844522968199,15.635440826416016,-48.0,-41.25,926.0614126333962,1698,0,0.0,,,,,1698,0,0.0,,,,,1698,355,20.906949352179033,15.635440826416016,-48.0,-41.25,926.0614126333962,1698,0,0.0,,,,,1698,0,0.0,,,,,1603,0,0.0,,,,,1603,0,0.0,,,,,1603,0,0.0,,,,,1603,54,3.3686837180286964,13.906404495239258,-44.0,-46.5,972.2033406509981,1603,0,0.0,,,,,1603,0,0.0,,,,
2012-04-05 12:00,-39.25,-33.5,63.91696997789455,1554,0,0.0,,,,,1554,0,0.0,,,,,1554,0,0.0,,,,,1554,80,5.148005148005148,14.278441429138184,-39.25,-45.0,989.5812515693817,1554,0,0.0,,,,,1554,0,0.0,,,,,1594,0,0.0,,,,,1594,0,0.0,,,,,1594,0,0.0,,,,,1594,0,0.0,,,,,1594,0,0.0,,,,,1594,0,0.0,,,,,1639,0,0.0,,,,,1639,0,0.0,,,,,1639,0,0.0,,,,,1639,0,0.0,,,,,1639,0,0.0,,,,,1639,0,0.0,,,,,1600,2,0.125,15.643104553222656,-45.75,-43.5,1091.4076773803401,1600,0,0.0,,,,,1600,0,0.0,,,,,1600,500,31.25,15.643104553222656,-45.75,-43.5,1091.4076773803401,1600,70,4.375,15.643104553222656,-45.75,-43.5,1091.4076773803401,1600,0,0.0,,,,,1534,0,0.0,,,,,1534,0,0.0,,,,,1534,0,0.0,,,,,1534,0,0.0,,,,,1534,0,0.0,,,,,1534,0,0.0,,,,,1619,0,0.0,,,,,1619,0,0.0,,,,,1619,0,0.0,,,,,1619,0,0.0,,,,,1619,0,0.0,,,,,1619,0,0.0,,,,,1660,2,0.12048192771084339,15.643104553222656,-45.75,-43.5,1091.4076773803401,1660,0,0.0,,,,,1660,0,0.0,,,,,1660,303,18.253012048192772,15.643104553222656,-45.75,-43.5,1091.4076773803401,1660,17,1.0240963855421688,15.643104553222656,-45.75,-43.5,1091.4076773803401,1660,0,0.0,,,,,1574,0,0.0,,,,,1574,0,0.0,,,,,1574,0,0.0,,,,,1574,277,17.598475222363405,15.12883472442627,-41.5,-46.0,1086.9685191935055,1574,53,3.3672172808132146,15.12883472442627,-41.5,-46.0,1086.9685191935055,1574,0,0.0,,,,
2012-04-05 18:00,-39.25,-31.5,90.0,1554,0,0.0,,,,,1554,0,0.0,,,,,1554,0,0.0,,,,,1554,111,7.142857142857142,15.111695289611816,-39.25,-43.5,1032.5445477873575,1554,31,1.9948519948519947,15.111695289611816,-39.25,-43.5,1032.5445477873575,1554,0,0.0,,,,,1594,0,0.0,,,,,1594,0,0.0,,,,,1594,0,0.0,,,,,1594,0,0.0,,,,,1594,0,0.0,,,,,1594,0,0.0,,,,,1639,0,0.0,,,,,1639,0,0.0,,,,,1639,0,0.0,,,,,1639,0,0.0,,,,,1639,0,0.0,,,,,1639,0,0.0,,,,,1600,348,21.75,17.112089157104492,-44.75,-42.5,1094.0457993508858,1600,0,0.0,,,,,1600,0,0.0,,,,,1600,742,46.375,17.112089157104492,-44.75,-42.5,1094.0457993508858,1600,438,27.375,17.112089157104492,-44.75,-42.5,1094.0457993508858,1600,2,0.125,16.91930389404297,-42.75,-43.75,1097.941176096526,1542,0,0.0,,,,,1542,0,0.0,,,,,1542,0,0.0,,,,,1542,0,0.0,,,,,1542,0,0.0,,,,,1542,0,0.0,,,,,1691,0,0.0,,,,,1691,0,0.0,,,,,1691,0,0.0,,,,,1691,0,0.0,,,,,1691,0,0.0,,,,,1691,0,0.0,,,,,1651,348,21.078134463961234,17.112089157104492,-44.75,-42.5,1094.0457993508858,1651,0,0.0,,,,,1651,0,0.0,,,,,1651,757,45.85099939430648,17.112089157104492,-44.75,-42.5,1094.0457993508858,1651,445,26.953361599030888,17.112089157104492,-44.75,-42.5,1094.0457993508858,1651,2,0.12113870381586916,16.91930389404297,-42.75,-43.75,1097.941176096526,1503,0,0.0,,,,,1503,0,0.0,,,,,1503,0,0.0,,,,,1503,96,6.387225548902195,15.070165634155273,-37.25,-43.75,1091.6635141249928,1503,24,1.5968063872255487,15.070165634155273,-37.25,-43.75,1091.6635141249928,1503,0,0.0,,,,
